# ************************************************************
# Sequel Pro SQL dump
# Version 4541
#
# http://www.sequelpro.com/
# https://github.com/sequelpro/sequelpro
#
# Host: www.nethsoft.com (MySQL 5.7.17-log)
# Database: jrelax-bi
# Generation Time: 2017-03-05 12:49:54 +0000
# ************************************************************


/*!40101 SET @OLD_CHARACTER_SET_CLIENT=@@CHARACTER_SET_CLIENT */;
/*!40101 SET @OLD_CHARACTER_SET_RESULTS=@@CHARACTER_SET_RESULTS */;
/*!40101 SET @OLD_COLLATION_CONNECTION=@@COLLATION_CONNECTION */;
/*!40101 SET NAMES utf8 */;
/*!40014 SET @OLD_FOREIGN_KEY_CHECKS=@@FOREIGN_KEY_CHECKS, FOREIGN_KEY_CHECKS=0 */;
/*!40101 SET @OLD_SQL_MODE=@@SQL_MODE, SQL_MODE='NO_AUTO_VALUE_ON_ZERO' */;
/*!40111 SET @OLD_SQL_NOTES=@@SQL_NOTES, SQL_NOTES=0 */;


# Dump of table act_evt_log
# ------------------------------------------------------------

DROP TABLE IF EXISTS `act_evt_log`;

CREATE TABLE `act_evt_log` (
  `LOG_NR_` bigint(20) NOT NULL AUTO_INCREMENT,
  `TYPE_` varchar(64) COLLATE utf8_bin DEFAULT NULL,
  `PROC_DEF_ID_` varchar(64) COLLATE utf8_bin DEFAULT NULL,
  `PROC_INST_ID_` varchar(64) COLLATE utf8_bin DEFAULT NULL,
  `EXECUTION_ID_` varchar(64) COLLATE utf8_bin DEFAULT NULL,
  `TASK_ID_` varchar(64) COLLATE utf8_bin DEFAULT NULL,
  `TIME_STAMP_` timestamp(3) NOT NULL DEFAULT CURRENT_TIMESTAMP(3) ON UPDATE CURRENT_TIMESTAMP(3),
  `USER_ID_` varchar(255) COLLATE utf8_bin DEFAULT NULL,
  `DATA_` longblob,
  `LOCK_OWNER_` varchar(255) COLLATE utf8_bin DEFAULT NULL,
  `LOCK_TIME_` timestamp(3) NULL DEFAULT NULL,
  `IS_PROCESSED_` tinyint(4) DEFAULT '0',
  PRIMARY KEY (`LOG_NR_`)
) ENGINE=InnoDB DEFAULT CHARSET=utf8 COLLATE=utf8_bin;



# Dump of table act_ge_bytearray
# ------------------------------------------------------------

DROP TABLE IF EXISTS `act_ge_bytearray`;

CREATE TABLE `act_ge_bytearray` (
  `ID_` varchar(64) COLLATE utf8_bin NOT NULL,
  `REV_` int(11) DEFAULT NULL,
  `NAME_` varchar(255) COLLATE utf8_bin DEFAULT NULL,
  `DEPLOYMENT_ID_` varchar(64) COLLATE utf8_bin DEFAULT NULL,
  `BYTES_` longblob,
  `GENERATED_` tinyint(4) DEFAULT NULL,
  PRIMARY KEY (`ID_`),
  KEY `ACT_FK_BYTEARR_DEPL` (`DEPLOYMENT_ID_`),
  CONSTRAINT `ACT_FK_BYTEARR_DEPL` FOREIGN KEY (`DEPLOYMENT_ID_`) REFERENCES `act_re_deployment` (`ID_`)
) ENGINE=InnoDB DEFAULT CHARSET=utf8 COLLATE=utf8_bin;

LOCK TABLES `act_ge_bytearray` WRITE;
/*!40000 ALTER TABLE `act_ge_bytearray` DISABLE KEYS */;

INSERT INTO `act_ge_bytearray` (`ID_`, `REV_`, `NAME_`, `DEPLOYMENT_ID_`, `BYTES_`, `GENERATED_`)
VALUES
	(X'3130303032',5,X'736F75726365',NULL,X'7B227265736F757263654964223A223130303031222C2270726F70657274696573223A7B2270726F636573735F6964223A226C65617665222C226E616D65223A22E8AFB7E58187E6B581E7A88B222C22646F63756D656E746174696F6E223A22E59198E5B7A5E8AFB7E58187E6B581E7A88B56312E30222C2270726F636573735F617574686F72223A22222C2270726F636573735F76657273696F6E223A22222C2270726F636573735F6E616D657370616365223A22687474703A2F2F7777772E61637469766974692E6F72672F70726F63657373646566222C22657865637574696F6E6C697374656E657273223A22222C226576656E746C697374656E657273223A22222C227369676E616C646566696E6974696F6E73223A22222C226D657373616765646566696E6974696F6E73223A22227D2C227374656E63696C223A7B226964223A2242504D4E4469616772616D227D2C226368696C64536861706573223A5B7B227265736F757263654964223A227369642D38354536373230462D453336452D344530382D383638452D313634413736393236413131222C2270726F70657274696573223A7B226F766572726964656964223A22222C226E616D65223A22222C22646F63756D656E746174696F6E223A22222C22657865637574696F6E6C697374656E657273223A22222C22696E69746961746F72223A22222C22666F726D6B6579646566696E6974696F6E223A223430323839663838356134366561303330313561343666313934306230303031222C22666F726D70726F70657274696573223A22227D2C227374656E63696C223A7B226964223A2253746172744E6F6E654576656E74227D2C226368696C64536861706573223A5B5D2C226F7574676F696E67223A5B7B227265736F757263654964223A227369642D42433446394530422D313637412D343030382D413139362D443239343338413534303044227D5D2C22626F756E6473223A7B226C6F7765725269676874223A7B2278223A3133352C2279223A3130347D2C2275707065724C656674223A7B2278223A3130352C2279223A37347D7D2C22646F636B657273223A5B5D7D2C7B227265736F757263654964223A227369642D43353944413041322D343733382D343644302D424535422D363337333041394532414346222C2270726F70657274696573223A7B226F766572726964656964223A22222C226E616D65223A22E4B8BBE7AEA1E5AEA1E689B9222C22646F63756D656E746174696F6E223A22222C226173796E6368726F6E6F7573646566696E6974696F6E223A2266616C7365222C226578636C7573697665646566696E6974696F6E223A2266616C7365222C22657865637574696F6E6C697374656E657273223A22222C226D756C7469696E7374616E63655F74797065223A224E6F6E65222C226D756C7469696E7374616E63655F63617264696E616C697479223A22222C226D756C7469696E7374616E63655F636F6C6C656374696F6E223A22222C226D756C7469696E7374616E63655F7661726961626C65223A22222C226D756C7469696E7374616E63655F636F6E646974696F6E223A22222C226973666F72636F6D70656E736174696F6E223A2266616C7365222C22757365727461736B61737369676E6D656E74223A7B2261737369676E6D656E74223A7B2261737369676E6565223A22E4B8BBE7AEA1227D7D2C22666F726D6B6579646566696E6974696F6E223A22222C2264756564617465646566696E6974696F6E223A22222C227072696F72697479646566696E6974696F6E223A22222C22666F726D70726F70657274696573223A22222C227461736B6C697374656E657273223A22227D2C227374656E63696C223A7B226964223A22557365725461736B227D2C226368696C64536861706573223A5B5D2C226F7574676F696E67223A5B7B227265736F757263654964223A227369642D35363339453530462D424233322D343435312D394135442D313436413643384133303330227D5D2C22626F756E6473223A7B226C6F7765725269676874223A7B2278223A3331302C2279223A3134307D2C2275707065724C656674223A7B2278223A3231302C2279223A36307D7D2C22646F636B657273223A5B5D7D2C7B227265736F757263654964223A227369642D42433446394530422D313637412D343030382D413139362D443239343338413534303044222C2270726F70657274696573223A7B226F766572726964656964223A22222C226E616D65223A22222C22646F63756D656E746174696F6E223A22222C22636F6E646974696F6E73657175656E6365666C6F77223A22222C22657865637574696F6E6C697374656E657273223A22222C2264656661756C74666C6F77223A2266616C7365227D2C227374656E63696C223A7B226964223A2253657175656E6365466C6F77227D2C226368696C64536861706573223A5B5D2C226F7574676F696E67223A5B7B227265736F757263654964223A227369642D43353944413041322D343733382D343644302D424535422D363337333041394532414346227D5D2C22626F756E6473223A7B226C6F7765725269676874223A7B2278223A3230392E37383433323235313539323737382C2279223A39362E30353434383234383333393433327D2C2275707065724C656674223A7B2278223A3133352E32313536373734383430373232322C2279223A39302E31393535313735313636303536387D7D2C22646F636B657273223A5B7B2278223A31352C2279223A31357D2C7B2278223A35302C2279223A34307D5D2C22746172676574223A7B227265736F757263654964223A227369642D43353944413041322D343733382D343644302D424535422D363337333041394532414346227D7D2C7B227265736F757263654964223A227369642D41313144384233422D324234432D343544382D394439332D364643464535453831344136222C2270726F70657274696573223A7B226F766572726964656964223A22222C226E616D65223A22E7BB8FE79086E5AEA1E689B9222C22646F63756D656E746174696F6E223A22222C226173796E6368726F6E6F7573646566696E6974696F6E223A2266616C7365222C226578636C7573697665646566696E6974696F6E223A2266616C7365222C22657865637574696F6E6C697374656E657273223A22222C226D756C7469696E7374616E63655F74797065223A224E6F6E65222C226D756C7469696E7374616E63655F63617264696E616C697479223A22222C226D756C7469696E7374616E63655F636F6C6C656374696F6E223A22222C226D756C7469696E7374616E63655F7661726961626C65223A22222C226D756C7469696E7374616E63655F636F6E646974696F6E223A22222C226973666F72636F6D70656E736174696F6E223A2266616C7365222C22757365727461736B61737369676E6D656E74223A7B2261737369676E6D656E74223A7B2261737369676E6565223A22E7BB8FE79086227D7D2C22666F726D6B6579646566696E6974696F6E223A22222C2264756564617465646566696E6974696F6E223A22222C227072696F72697479646566696E6974696F6E223A22222C22666F726D70726F70657274696573223A22222C227461736B6C697374656E657273223A22227D2C227374656E63696C223A7B226964223A22557365725461736B227D2C226368696C64536861706573223A5B5D2C226F7574676F696E67223A5B7B227265736F757263654964223A227369642D41343444393931412D383146422D343234422D414630302D373533373732323938313836227D5D2C22626F756E6473223A7B226C6F7765725269676874223A7B2278223A3530352C2279223A3134307D2C2275707065724C656674223A7B2278223A3430352C2279223A36307D7D2C22646F636B657273223A5B5D7D2C7B227265736F757263654964223A227369642D35363339453530462D424233322D343435312D394135442D313436413643384133303330222C2270726F70657274696573223A7B226F766572726964656964223A22222C226E616D65223A22222C22646F63756D656E746174696F6E223A22222C22636F6E646974696F6E73657175656E6365666C6F77223A22222C22657865637574696F6E6C697374656E657273223A22222C2264656661756C74666C6F77223A2266616C7365227D2C227374656E63696C223A7B226964223A2253657175656E6365466C6F77227D2C226368696C64536861706573223A5B5D2C226F7574676F696E67223A5B7B227265736F757263654964223A227369642D41313144384233422D324234432D343544382D394439332D364643464535453831344136227D5D2C22626F756E6473223A7B226C6F7765725269676874223A7B2278223A3430342E34383832383132352C2279223A3130307D2C2275707065724C656674223A7B2278223A3331302E35313137313837352C2279223A3130307D7D2C22646F636B657273223A5B7B2278223A35302C2279223A34307D2C7B2278223A35302C2279223A34307D5D2C22746172676574223A7B227265736F757263654964223A227369642D41313144384233422D324234432D343544382D394439332D364643464535453831344136227D7D2C7B227265736F757263654964223A227369642D44363042434432442D383436462D343342302D383131312D373341304545454237463439222C2270726F70657274696573223A7B226F766572726964656964223A22222C226E616D65223A22222C22646F63756D656E746174696F6E223A22222C22657865637574696F6E6C697374656E657273223A22227D2C227374656E63696C223A7B226964223A22456E644E6F6E654576656E74227D2C226368696C64536861706573223A5B5D2C226F7574676F696E67223A5B5D2C22626F756E6473223A7B226C6F7765725269676874223A7B2278223A3638382C2279223A3131347D2C2275707065724C656674223A7B2278223A3636302C2279223A38367D7D2C22646F636B657273223A5B5D7D2C7B227265736F757263654964223A227369642D41343444393931412D383146422D343234422D414630302D373533373732323938313836222C2270726F70657274696573223A7B226F766572726964656964223A22222C226E616D65223A22222C22646F63756D656E746174696F6E223A22222C22636F6E646974696F6E73657175656E6365666C6F77223A22222C22657865637574696F6E6C697374656E657273223A22222C2264656661756C74666C6F77223A2266616C7365227D2C227374656E63696C223A7B226964223A2253657175656E6365466C6F77227D2C226368696C64536861706573223A5B5D2C226F7574676F696E67223A5B7B227265736F757263654964223A227369642D44363042434432442D383436462D343342302D383131312D373341304545454237463439227D5D2C22626F756E6473223A7B226C6F7765725269676874223A7B2278223A3635392E333132352C2279223A3130307D2C2275707065724C656674223A7B2278223A3530352E363137313837352C2279223A3130307D7D2C22646F636B657273223A5B7B2278223A35302C2279223A34307D2C7B2278223A31342C2279223A31347D5D2C22746172676574223A7B227265736F757263654964223A227369642D44363042434432442D383436462D343342302D383131312D373341304545454237463439227D7D5D2C22626F756E6473223A7B226C6F7765725269676874223A7B2278223A313230302C2279223A313035307D2C2275707065724C656674223A7B2278223A302C2279223A307D7D2C227374656E63696C736574223A7B2275726C223A227374656E63696C736574732F62706D6E322E302F62706D6E322E302E6A736F6E222C226E616D657370616365223A22687474703A2F2F62336D6E2E6F72672F7374656E63696C7365742F62706D6E322E3023227D2C227373657874656E73696F6E73223A5B5D7D',NULL),
	(X'3130303033',3,X'736F757263652D6578747261',NULL,X'89504E470D0A1A0A0000000D49484452000002E2000000BE080600000070306A9A000000206348524D00007A26000080840000FA00000080E8000075300000EA6000003A98000017709CBA513C0000000467414D410000B18E7CFB5193000000017352474200AECE1CE900000006624B474400FF00FF00FFA0BDA793000000097048597300000EC400000EC401952B0E1B00001B414944415478DAEDDD0B5C5475DEC7F13F03088A429A1A95A5B6F6A8ED96D6F6ECB6656AA559EA565B6E40A24FDB5674B3DD6E6BB56A3E6577EBD16DCB6E961924DEF2D2C514DBB58D5CBB689A549AAD82172E5E5050041598FD7F8F73784604170546063EEFD7EBBCCECC300CF0E7FC66BEE77FFEE77F8C010000000000000000000000000000000000000000000000000000000000000000000000000000000000000000000000000000000000000000000000000000000000000000000000000000000000000000000000000000000000000000000000000000000000000000000000000000000000000000000000000000000000000000000000000000000000000000000000000000000000000000000000000000000000000000000000000000000000000000000000000000000000000000000000000000000000000000000000000000000000000000000000000000000000000000000000000000000000000000000000000000000000000000000000000000000020B885D00440FDF07ABD915959597715161626EEDDBBB76B515151647979390D53DB37AD90106F6464E48EF0F0F02F0E1C3830BE57AF5E7FA755A8056A815A0008E2001C1B366CB86DDBB66DCFEDDBB7AF456C6CAC89898931AD5AB5321E8F87C6A92505B83D7BF6181BEA4C5E5EDEFED2D2D2EF8B8B8B13070C189041EB500BD402B50010C481266CE3C68D73D7AF5F7FF5E9A79F6E4E39E514F55AD128F5283B3B5B61AFD8DE4CB8F4D24BE7D122D402B5402D00C122942600EA3678D8E5EAEEDDBB9B76EDDA113C0240BDAB279E7862F8B66DDB06252626AE9E3A75EA0FB40AB5402D500B00411C684274083E3333F33E058FE8E8E8C3BEBE6F4F9EC9FD6E8EC9FD7E9ED9BEE1EF66EFCE0D2622AABD098B88A6F16AA959B366A675EBD61139393903870E1DFA417272F2565A855AA016A805A0A163901E500774329AC6C1EA107C75C163D38A37CC9EED6B4D79D97EE32D2F357BF3FF65362E9F6C4A0AB7D08075202A2ACA74EEDCB93C3434F42FB406B5402D500B00411C68223423844E46D338D8AAE4677D6A4AF7171DF6B882C8F60D4B68C03AD2A143873661616167A6A5A55D406B500BD402B50010C4812640D3B2694688EAC6C1161FA1A74F3D84A83B6DDBB6CDB5ABEB68096A815AA016008238D004686E644DCB561D6FD981EABFD9CB7CCA75A97DFBF6A7DA555F5A825AA016A805A0A10BA30980DAD3054A3463018E3FFB7F38D9AEDAD112D402B5402D000D1D3DE2401DD08535B840490379533BF87FA093815AA016A80580200EC098F0E6ADABFD5A5804BD87A016A80500047100F5A2CDE9179AB06651873D1E1ADEDCB4E9D88B0602B5402D00208803A80F2DDB7537516DBB56F978ABF63FA581402D500B009A20C68E3512BA88C6EAD5ABFFE7EBAFBFBE212727A7677676768BC2C2C2B0929212131616E66DD5AAD581366DDA6C898E8E5E6A9FFED8C89123D7D26A815576A0F8B0C74AF7EDA661402D500B0008E208D600FEEEBBEFBE3A6EDCB8841D3B7684E992D27DFBF635A79D769AB1C1DB4446461A1BC64376EFDEDD6CD3A64D9D3332323AAF58B1E2867BEEB967635151D1B8575F7DF5755AB17EED2FDA6672D7CC772EE35D59D18E7566E357AF99D8EED79866514C6E006A815A004010475058B66CD94D8F3FFEF84B05050511F1F1F1A6478F1E263434F4B0E7298C6B69D7AE9D39EFBCF3CCF0E1C34356AD5AD5313535F5E5A4A4A4FBF2F3F37F3D73E6CC1F69D1BA5790BDC26CFB716195571274EDDD956532BF9864DAFDA49F39E1B40B4C480823C6402D500B0008E26890BC5E6FD8FCF9F3174D9932E592418306992BAFBCB2CA007E240AED76095DB87061B71933667C73EBADB7DE4DEF78DD51CF5FDE0F1F3ABD7C35A1CB7BEBF9BBB77D6FDAFFD74013E94CFF0B500BD40280C68CEE86200CE19F7CF2C9D2C58B175F72EFBDF79AC183071F7508F73760C0003366CC98E61E8FE72F37DF7CF39DB470DD50AF5E4D83873F1DB2CFFAF2151A10D402B50080208E86463DE1B367CFFEEFD1A3479B33CF3CB34E5EB363C78EE6D1471F55187F2A2121219156AE3DF5EA1DF3CE5679290D086A815A00D00430342588684CB886A3A8275CE3BDEB925EEFE1871F6E3966CC98176C18FF6ADAB4696B68F163D7ADDF381A01A01600E088E8110F129A1D65D1A245933426BCAE7AC22B53CF785C5C5C84C7E37993160700002088C39A3B77EE644D41A831DDF569E0C081CD6362623A33440500008020DEE4A9373C2323E37A4D51181E1E5EEF3F2F2929A9B5C7E3E1C44D0000008278D3A62B666EDDBA354C530E06C239E79CD32C2222A2B30DFE9D687D000080FAC1C99A414097ADAFEE623DF5E5ECB3CFCEFDFCF3CF87D89BE3F90F000080DA1A3A746887D2D2D26B424242FAD8BB3DED126B97967629B14BAED7EB5D69BFF699CD3BA92929299B09E268107272727AEAB2F581F4CB5FFEF2041BC4FB10C40100406D2424245C635777969797F7B641BB59154F89B44B27FBB54E767D4D5959D9B3F1F1F14BECFDC9D3A64D4B2688E3B8CACECE6EA1194D02E98C33CE68E1DB5B050000386A1AE26AC3F4CB5EAFF758669AE86BBFAFAF7D8D241BCC7F3773E6CC1F09E2382E0A0B0BC34E38E18480FECC9898184D545E42EB030080A315171717EFF1785E2A2F2F6FED3EA621B63FFBD9CF74D4DD74E9D2C528DBB46AD5CAECDDBBD7ECDAB5CB6466669A2FBEF8C2AC58B1C21C3870C0FDB65EF6FBBE4E4848B8BD31F68E13C48340494989898C8C0CE8CFCCCFCFD72AD216D25D76BDDDEED1E66AB17BA725F677C99D32654AA30BE976AFDBEBBB39CB2E0FA4A6A666B2F5010070D4217CB00DE1C9368487BA01FCCA2BAF34975F7E799517246CD1A285B39C72CA29E6C20B2F7442F9071F7C60162C5860CACACAF49496367FBC6DC378A40DE3AF13C411501111115E1BC6430219C6FFF6B7BF15D955940DDF2FB88FD922A8D831B045B6CB7E6D97BDABB0BADDB7E429A8BBA15D8B2DC25D4118687592EA353698A7DABFE171AE320A00408D43B87AC2936D1E7042B8C2F51FFFF84773DA69A7D5F835D4533E74E850D3BB776FF3C20B2F984D9B36B939E4351BC64B1A53CF38413C084447471FB07B87CD62636303F633CF3AEBAC6D766F54BBA1EFD80D3FD606528D8DE9600E9E50E1DED7D2C9FFFBECE315A1DD0DEE9AFFDC17D4F7D825D72E0AF04E50F785F75D36B06FB67BCC25A5A5A5B95151519B1B408FBB6A23D1FE6EF1F64D658AFDFD9E6EACE3D30000A80B1A13EE1B8EE284F0AE5DBB9AFBEEBBCF197E722C14DEC78E1D6B264C98A0A99CDD7C31C986F1AF1A4B2719413C08D83DC38D5959595D0219C4B76FDFFEBD5D95A5A6A6DE5ED5D76D11B4B5ABB60AE95A74DB066BDD8F5148B74B07DFE30AEBCED77D4B45707783BAD8C275EEEBF0957ADC6D3197F842FB21C1DD1677817F6FBBD6F53C5426CCFE8C9BEDEF75A3FD9D5E2E2B2B9B48200700E070F6B3FC75774CB87AC26B13C25D1AB2A21E7505725FCFB886A9BC66D71713C41110D1D1D19F64646474D1C90D81B274E952A5E44FAAFBBADD137587A3D4688FF4B7BFFD6DAC0DB391FEA1DDAE15D64FF4F5AE77F26D8FFABADBF3DEA97270F7EF71776F5717DCCDC1934DF3CCC1B94977B901BEB4B474970DD3B9C7502B77D9BFE176FBB3E6D8D719CD901500000ED2148536845FA6DBEA545378AE6D08F70FE323468C300F3DF4903B66BC97FD79898D61880A413C081414143C999595F53BBBF1790274519F9275EBD675B3EB3ABBCCBD5FF0CDACC9F36FBCF1C6481BB09DDE76BB877D82DBF36E6FC7F8C2BC7F6F7B6C55C1DD9F7F80571BFA86CB1CD2DBEEDF437F04FA07680CF9B5F635A6DBEF7962FAF4E9196CA5682CEC763DCAD643464E4ECEFB4B962C29A545006ABF862A32834ECC3C9A31E135A1D71B3C78B099376F9EFB799E64570471D4BF71E3C6FDEBDE7BEFDDB06AD5AA9F9C77DE79F5FEF3162D5A34DBEED5763C9E2759FA869A64D626B8FBC2B9D627A9D7BD9A00AFA55B0D437805FB7C8F3A00ECEB26D837AF4D5BB66C392EEDA49E815B6EB9C5BCF1C61BD53E67DBB66D262929C9BCFBEEBB158F959696EA841AF3CE3BEFE864E023FE8CFBEFBFDF5C7FFDF5E617BFF8C591DEC08DDD5ECC3FFFF94F67FAA9848404B366CD1AE7673EFCF0C3147170794CF570D24927EDB5DBC87C5B4F6FD9ED25DDEE4CEF6988BFAC4EE4EAD5AB9739F7DC73CDA79F7EEA6CDBFE7EFEF39FEBA8A2B3136EDFD70ED9399F3F7FFE61AF17151565FAF7EF4F2DA0C9D67E6C6C6C91ADFDB93AE1B2A6B5AF2B66DAFABA44B7DD1952EAC315575C613EFCF043776AC35E1A931EEC339C11C483444141C1433634BDD3A3478FB07AEE15DFF5D65B6F9D653FA49E0FA6F639DAE02E1A2E13161656D1DB6EFFE669C7BAA36E77929C0FDC40D3B6B07FFF7EB36CD93273C10517541B1ED6AE5D6B4E3DF554D3AD5B372778FFE637BF31CB972F77E6733DF1C4134DCB962DCDE8D1A3CDAF7EF52BE731FFF31176EFDEAD59749CE7B8B66FDF6EBEFBEEBB8AFBEEEDECEC6CF3FDF7DF577CDFBA75EB28DE2065EB4117F58AD709CB763B2BB41F78EFDBC7DEB6DBCF9286327DE99E3D7BCCC48913B523EEDC4F4B4B33454545CE6D7D50BFFDF6DB46B5A9203E67CE1CF3CC33CF988C8C0C671BD7D855D586D68B162D72EA40A1FDF5D75F37DF7CF38D5357D4029A28CD9836D4D6FE505FEDCFB3F7DF3952EDFB2E5BEF84139B534C9B366DEAE517D36C2AEA90FCFCF3CFDD8774843AA8AF004E100F1293274F9E999494347AC1820567EBD04C7D193F7EBC7AC3BBE6E6E6A636F636F50D97D1E28CF5B66F36471BC4F7D9455D6CEBEC1BC33981FABDED0E84D9B16347C5FD9C9C1C73E79D77EA224C158FB56EDDDACC9E3DDBFCF8E38FE6871F7E7042F79FFFFC67A727CF3D0B7DC992254E68502FE2934F3E79F00FDAB7CF79A3FBC73FFE51F15ABAB0822EB6A05E47D739E71CFC73D5D33769D224B375EB56F3873FFCC17903AECAF1980B1F752ADA2E37D80FE61BECFFB2C4D6CA4CFBA1FBEEF11EBE3275EA5473DD75D7393BA40AD88F3EFAA8F3B87AF514CE15B24F3FFD74E7B16BAFBDD659CE38E30C67C755BDE34F3FFDB4B9FBEEBBD5D1E13CAEE9D2DE7CF3CD8AD7A01600A7F687D97A18A6DA8F8B8B9BE1F178E654AE7DFB7ED0C7BD7DA423467541AFEF17C4FB10C41130F6C3E2AA3973E67CD7B56BD7E6679E79669DBFFEEAD5ABE7DBC036C816D4254D6D6CA8DFC57CAAE43BD9F347BB4EB76F42DFDA87D223222232DDDE81DFFFFEF7DE40FDAEFAB0F71F4A6377D29C212AB7DE7AABF17B5374D6279F7CB2B9ECB2CB9CA01D1E1EEE8415058D66CD9A55040EDD7EE49147CC9FFEF427E78498BFFEF5AF4ECFA202832C5EBCD8E9D1DBB97367C5EB6B488B9C74D24966C89021CE8517B4DEBC79B3D1301D1D9657A8572879E081079CD0FFF1C71F3B3D93087A91EE07B3FDFFEFB6B59366B7B7D702DD53AE6D3E2525C5BCF7DE7BCEF0141DE9510FB6B6DB071F7CD0CC9A35CBD98E8F64FDFAF5A65FBF7E262B2BCB09C7AA09F584BB75412D0087D6BEADF5E1B6F687C7C6C6AAA77C91BD3F59B56F6BA4A7FB24EDD4D6A74E9D3AF9DFED19EC8D4A100F221A0795989878CB73CF3DF7EA638F3DD6A2AAAB531D2BFB81F1D9534F3DD5D316D503CC0662B413926E9735B63D3EB36F3A6BF2F2F25636949D93B66DDB1E725F67A52B9454B53DA8F74E414287E48B8B8B9DC72EBAE8A2439ED3BC79732784DF75D75DCEF858F53668EED79B6EBAC9F9BA0EB1EB75DC43EE0A3D1B376E746EABE7FDE28B2F7602BCD6EA85D761FDB7DE7ACBD901508FBC5EC76E5B2640271A3B4305D473693F24C6F2AE51BF6C7D684A846B6D8D5CEB9BBDE85F3A2721103EFAE823E7FC87ABAFBEDAB90A9F2E8BAD20FDE28B2F9A9B6FBED97CFBEDB766F8F0E14E8FB97ABDB55D2800AB0E3486BB4F9F3E4E6050B8B6EFA7153DE21A6BEEEECC520B40B5B42739C4D6FE10DF8E6AC509183A92549F2ABD7E5B8238022A393939C57E58448C1A356AE2FDF7DFDFB22E7AC6D513AE106EC3DCA4E9D3A72737D1A61DED9B9B7C990DDD6B1AF21101F5D815161656DCD7385905717DE856BC4346473B3D7AEA25BCEAAAAB9CB1AA3A8CDFBD7BF7435E4BC3567472999EE37FD2A67ACF350446D4FBAE43F7EE7D058BCA74985F6370353E5727E96888C0975F7EE95CAA5841289034D4E6EBAFBFD6CD4778C708B89F281007E27F3E68D0206751B8558056385EB972A533DEDB1D9FBA70E142679888B687F6EDDB3BA159B5A2B502B986758D1C39D219AAA2A15D0ACE954FF6A416801AF1F8770ED527EDECFA09FA715E04F120949292F2465C5CDC5EFB06FFCA90214342070F1E1C758C3D2CBB9E7FFEF9B9F643E20A7BFB211BC2A734D5364D4D4D1D172CBFEB575F7D651E7FFCF18AFBBAC08102C2679F7D56F198E65AD5385605728D0D7FF9E5974DC78E1D4DE5B9E87D679E3BCFF1A743E94F3CF184735B2799E9BEDBD3E91FF8155CF43C1D8657D8AFEF439235A1DE480D35B001E47F79B7382635096DE5769B2BB73BAF877C86D8FBEBCF3FFFFC806D04EA7556EF988660A9A75ADBDFB3CF3E7BC8737462973BDB948EFCA816B416772621856B5D7C64C08001E6861B6EA01640ED57AFCCD6BEB78ADA2FF7CD26E60CDFAACF30AE5AF75312EC8D4E100F523634A7C6C7C72F9B3163C6E4050B16FC34292929FADC73CF6D5EC36F2F494B4B9B3B75EAD42EA5A5A55D34269CE128C1433D6B1A87EAD2A178F5F2E9F0FB91E8D0B9C2B83FDDAFDC4B2E1AAEA2D9234463D0352656334C48CF9EFF3F244FE362478D1AE5F4466A6A3605A3E34D437714BC468E1C3996ADE5E8D9F795EA3E8C75E85957D208B78BC7BE6F787CE74E2CB64B4A4444C4471A237ED34D3705E47C09F56A6BEA4E0D1F79E59557CCB061C39C61253A42A4F1E19AD944539D5575985C4794F2F2F29CE122929F9F6FC2C2C22AEEAB267444895A00B5EF1C09D26122ED78AB2842356CAB72ED979494E8FAF35DF47C0D15ABCF20AED7F7B39D208EE3C63777E665B678868C1F3FFE76FBC17176B76EDDB6F5EAD5AB65E7CE9D9BB569D326562720151717E7D90DB7C07E40AC4B4F4F0F5DB76E5D571BDC74F5CA1773737393B96847D3A093C6ECFFFBB0C7D5CBB77AF5EA431E539871C792ABF74F87EB75B85D366CD87048F8D0F29FBCF4D24BCED489975E7A29FF88E0A2E0ADC3263AFCEBF12D9A53F823F507D890BAD886EF5DC7E317EBD0A183B3ED6ADA41F542AB77BA77EFDECED77452B2869A0C1C38B0E2F91A86A2A12AEAFDD61CFA3A6AE4F66C6B1889C2B97BDFFF64686A014DD47E5B0765366837F7EBFDAEB6F66D0E59E906719D045DD717F3F1A7F9F9FDAC2488A32104F25976354B13EAAF5AB56AC8CA952BF5A971BE3978C8461FA031BE0F537DBA7C6C97DB837D02FCA64A21C09D27D9A5B1AEEA1157C0F0A771741ADFEA52F8F09F59C555F9E44D518FDF1D77DCE1DCAEDC0BA88B07B9B3B2F8F598386B1DB6D7EFA1EFD1FCCBEE2144F51206E26254A873A1BE451FC07A9FF9C0EEDCBFDF10E611577056209E316386737E836624516876B7439D4BE1DE5787847ABB75529942BA86B2881BDC7528DD3D59935A001CCD7CDB768D6ADF6EF79FD8E76B4E6FE7C4699D0C5D5FF4FA7E3E2188A3C1484949D96C57137C0B1AA1A54B973A3D7955A97C95408D23EFDBB76FC5FDE9D3A7577E0373F88F7375B9C1A32AEE0C12A270A3E7BA33B668CE65F5126AA6090D13D04C2C1A3AA0D95874B114040F1D7AB6AB25BAB2A66F6AC25D0DE9F7D349880AD03A6152C15AB3A8688C77A54E8A436A4163A65D23468C30E9E9E98784E7F1E30F4E47AC2BD1DE76DB6DD402A8FD1AD67E5858D8DCB2B2B2FFD34D5D444BC3BDEAE3A23E1A96B27CF97215ACBB073C2BD8DB3B844D0EA8BDB4B434AFDBBBD610296C2B6C5435C5A17AE8CE3AEBAC6ABF57F31FEBA44E5D99B332F5C46B5880BEA631B6FA19FE3D84BAAF9E49FF1959024121A87FFFFEBCBF1D83F8F8F851F67F9869FF67B38EA5E7BBA1D7426D500BA0F6AB9790909066B7F37EBAAD0B0F567584A9B6B4733D6FDE3CF76EBABD7F71B0B73B3DE240135079EE717F470AE1A269DFAAA3D97AFC4F00AD7C985EF7031D3C50EB0FBA71B402B5006AFF18BC681727882F58B0C019FA559763C53543D87BEFBD57D11B6E6BEA95C6D0EE1E363D000000D4C6B469D3E6DAD512DDD611A209132638C3C7EA82CEB198387162597979B9BB879B9E9393934A10070000000EFA9DF14D29A82BD13EF7DC73B50EE30AE136D47BB76CD9E25E30654F4848C82D8D65C63782380000006A4D33B279BDDE11F6A61392D7AE5D6BC68E1DEB0C2B3916FABE3163C694AD5EBDBA62AC970DE1B737A66B9F10C4010000502774C141BBBAC50DE3EA19D76C5F292929952FC6532D3D4F27663EF8E083FE3DE13AE9F9211BC2931B537B71B226000000EA8C0DD153E2E2E234F3CAA4909090133466FCFDF7DF774EE2ECD1A3873395A7E6EED7956F75154E0D3F51F8D6C57A962F5FAEA57CDFBE7DEA2C767BC2359FF9081BF2A734B6B62288030000A04EA9673C3E3E7E990DE2AFB9D31A2A90AF58B1C259FE03FF111BE91A13DE9886A310C401000050AF7C57F1EE6F03F9101BA6936C20EF7B14D95357DC9A9C9B9B9BDC584ECC248803000020D0815C57C09C3574E8D00EE5E5E5436C20BFC8DE3FDF2EB17689B48B86B168B69595E6E065EB67F9427CA3471007000040BD4B4949D96C57137C0B0CB3A600000000047100000080200E00000080200E00000010C40100000010C401000000823800000000823800000040100700000040100700000008E200000000411C00000000411C0000002088030000002088030DA1903C1E6F7979390DD100D8FF43965D95D212D402B5402D000471A009888C8CDCBA7BF76E1AA201D8B97367865DADA425A8056A815A0008E24013101E1E9E5E505040433400B9B9B98576B58496A016A8056A012088034D404949C933F643EF80D7EBA5318EAFCCFCFCFC1E763D9BA6A016A8056A012088034D40EFDEBDBFB0C1E39BECEC6C1AE338CAC8C848B3FF87ECFEFDFB2FA335A8056A815A0008E24013515C5C9C989999B9B7B0B090C6380E76EEDC392F3F3FFFD7E5E5E5F7D01AD402B5402D00C120942600EA467272F2F661C3867D613F00AF8E8E8E8E8C8888A05102183C323232CE0E0909B9E3F2CB2F4FA745A8056A815A0008E240133375EAD4F58989895FE5E5E55D633F088B6C08696ED7344CFDC9B4A163665656D6A50A1EFDFAF57B9F26A116A8056A010816BC2B02F560E1C285DD3C1ECFC4D0D0D073DBB76FBFB96DDBB627C7C4C4C4DAC7689C5AD2DCC89A964D3342E864348D83D521F801030664D03AD402B5402D000471008E458B16F50C0909B9CEDEEC6B97F3ED1249ABD49A2E50A2B99197D8653627A3510BD402B500000000000000000000000000000000000000000000000000000000000000000000000000000000000000000000000000000000000000000000000000000000000000000000000000000000000000000000000000000000000000000000000000000000000000000000000000000000000000000000000000000000000000000000000000000000000000000000000000000000000000000000000000000000000000000000000000000000000000000000000000000000000000000000000000000000000000000000000000000000000000A081F937A61CC22085F52EE50000000049454E44AE426082',NULL);

/*!40000 ALTER TABLE `act_ge_bytearray` ENABLE KEYS */;
UNLOCK TABLES;


# Dump of table act_ge_property
# ------------------------------------------------------------

DROP TABLE IF EXISTS `act_ge_property`;

CREATE TABLE `act_ge_property` (
  `NAME_` varchar(64) COLLATE utf8_bin NOT NULL,
  `VALUE_` varchar(300) COLLATE utf8_bin DEFAULT NULL,
  `REV_` int(11) DEFAULT NULL,
  PRIMARY KEY (`NAME_`)
) ENGINE=InnoDB DEFAULT CHARSET=utf8 COLLATE=utf8_bin;

LOCK TABLES `act_ge_property` WRITE;
/*!40000 ALTER TABLE `act_ge_property` DISABLE KEYS */;

INSERT INTO `act_ge_property` (`NAME_`, `VALUE_`, `REV_`)
VALUES
	(X'6E6578742E64626964',X'3230303031',9),
	(X'736368656D612E686973746F7279',X'63726561746528352E31382E302E3129207570677261646528352E31382E302E312D3E352E32322E302E3029',2),
	(X'736368656D612E76657273696F6E',X'352E32322E302E30',2);

/*!40000 ALTER TABLE `act_ge_property` ENABLE KEYS */;
UNLOCK TABLES;


# Dump of table act_hi_actinst
# ------------------------------------------------------------

DROP TABLE IF EXISTS `act_hi_actinst`;

CREATE TABLE `act_hi_actinst` (
  `ID_` varchar(64) COLLATE utf8_bin NOT NULL,
  `PROC_DEF_ID_` varchar(64) COLLATE utf8_bin NOT NULL,
  `PROC_INST_ID_` varchar(64) COLLATE utf8_bin NOT NULL,
  `EXECUTION_ID_` varchar(64) COLLATE utf8_bin NOT NULL,
  `ACT_ID_` varchar(255) COLLATE utf8_bin NOT NULL,
  `TASK_ID_` varchar(64) COLLATE utf8_bin DEFAULT NULL,
  `CALL_PROC_INST_ID_` varchar(64) COLLATE utf8_bin DEFAULT NULL,
  `ACT_NAME_` varchar(255) COLLATE utf8_bin DEFAULT NULL,
  `ACT_TYPE_` varchar(255) COLLATE utf8_bin NOT NULL,
  `ASSIGNEE_` varchar(255) COLLATE utf8_bin DEFAULT NULL,
  `START_TIME_` datetime(3) NOT NULL,
  `END_TIME_` datetime(3) DEFAULT NULL,
  `DURATION_` bigint(20) DEFAULT NULL,
  `TENANT_ID_` varchar(255) COLLATE utf8_bin DEFAULT '',
  PRIMARY KEY (`ID_`),
  KEY `ACT_IDX_HI_ACT_INST_START` (`START_TIME_`),
  KEY `ACT_IDX_HI_ACT_INST_END` (`END_TIME_`),
  KEY `ACT_IDX_HI_ACT_INST_PROCINST` (`PROC_INST_ID_`,`ACT_ID_`),
  KEY `ACT_IDX_HI_ACT_INST_EXEC` (`EXECUTION_ID_`,`ACT_ID_`)
) ENGINE=InnoDB DEFAULT CHARSET=utf8 COLLATE=utf8_bin;



# Dump of table act_hi_attachment
# ------------------------------------------------------------

DROP TABLE IF EXISTS `act_hi_attachment`;

CREATE TABLE `act_hi_attachment` (
  `ID_` varchar(64) COLLATE utf8_bin NOT NULL,
  `REV_` int(11) DEFAULT NULL,
  `USER_ID_` varchar(255) COLLATE utf8_bin DEFAULT NULL,
  `NAME_` varchar(255) COLLATE utf8_bin DEFAULT NULL,
  `DESCRIPTION_` varchar(4000) COLLATE utf8_bin DEFAULT NULL,
  `TYPE_` varchar(255) COLLATE utf8_bin DEFAULT NULL,
  `TASK_ID_` varchar(64) COLLATE utf8_bin DEFAULT NULL,
  `PROC_INST_ID_` varchar(64) COLLATE utf8_bin DEFAULT NULL,
  `URL_` varchar(4000) COLLATE utf8_bin DEFAULT NULL,
  `CONTENT_ID_` varchar(64) COLLATE utf8_bin DEFAULT NULL,
  `TIME_` datetime(3) DEFAULT NULL,
  PRIMARY KEY (`ID_`)
) ENGINE=InnoDB DEFAULT CHARSET=utf8 COLLATE=utf8_bin;



# Dump of table act_hi_comment
# ------------------------------------------------------------

DROP TABLE IF EXISTS `act_hi_comment`;

CREATE TABLE `act_hi_comment` (
  `ID_` varchar(64) COLLATE utf8_bin NOT NULL,
  `TYPE_` varchar(255) COLLATE utf8_bin DEFAULT NULL,
  `TIME_` datetime(3) NOT NULL,
  `USER_ID_` varchar(255) COLLATE utf8_bin DEFAULT NULL,
  `TASK_ID_` varchar(64) COLLATE utf8_bin DEFAULT NULL,
  `PROC_INST_ID_` varchar(64) COLLATE utf8_bin DEFAULT NULL,
  `ACTION_` varchar(255) COLLATE utf8_bin DEFAULT NULL,
  `MESSAGE_` varchar(4000) COLLATE utf8_bin DEFAULT NULL,
  `FULL_MSG_` longblob,
  PRIMARY KEY (`ID_`)
) ENGINE=InnoDB DEFAULT CHARSET=utf8 COLLATE=utf8_bin;



# Dump of table act_hi_detail
# ------------------------------------------------------------

DROP TABLE IF EXISTS `act_hi_detail`;

CREATE TABLE `act_hi_detail` (
  `ID_` varchar(64) COLLATE utf8_bin NOT NULL,
  `TYPE_` varchar(255) COLLATE utf8_bin NOT NULL,
  `PROC_INST_ID_` varchar(64) COLLATE utf8_bin DEFAULT NULL,
  `EXECUTION_ID_` varchar(64) COLLATE utf8_bin DEFAULT NULL,
  `TASK_ID_` varchar(64) COLLATE utf8_bin DEFAULT NULL,
  `ACT_INST_ID_` varchar(64) COLLATE utf8_bin DEFAULT NULL,
  `NAME_` varchar(255) COLLATE utf8_bin NOT NULL,
  `VAR_TYPE_` varchar(255) COLLATE utf8_bin DEFAULT NULL,
  `REV_` int(11) DEFAULT NULL,
  `TIME_` datetime(3) NOT NULL,
  `BYTEARRAY_ID_` varchar(64) COLLATE utf8_bin DEFAULT NULL,
  `DOUBLE_` double DEFAULT NULL,
  `LONG_` bigint(20) DEFAULT NULL,
  `TEXT_` varchar(4000) COLLATE utf8_bin DEFAULT NULL,
  `TEXT2_` varchar(4000) COLLATE utf8_bin DEFAULT NULL,
  PRIMARY KEY (`ID_`),
  KEY `ACT_IDX_HI_DETAIL_PROC_INST` (`PROC_INST_ID_`),
  KEY `ACT_IDX_HI_DETAIL_ACT_INST` (`ACT_INST_ID_`),
  KEY `ACT_IDX_HI_DETAIL_TIME` (`TIME_`),
  KEY `ACT_IDX_HI_DETAIL_NAME` (`NAME_`),
  KEY `ACT_IDX_HI_DETAIL_TASK_ID` (`TASK_ID_`)
) ENGINE=InnoDB DEFAULT CHARSET=utf8 COLLATE=utf8_bin;



# Dump of table act_hi_identitylink
# ------------------------------------------------------------

DROP TABLE IF EXISTS `act_hi_identitylink`;

CREATE TABLE `act_hi_identitylink` (
  `ID_` varchar(64) COLLATE utf8_bin NOT NULL,
  `GROUP_ID_` varchar(255) COLLATE utf8_bin DEFAULT NULL,
  `TYPE_` varchar(255) COLLATE utf8_bin DEFAULT NULL,
  `USER_ID_` varchar(255) COLLATE utf8_bin DEFAULT NULL,
  `TASK_ID_` varchar(64) COLLATE utf8_bin DEFAULT NULL,
  `PROC_INST_ID_` varchar(64) COLLATE utf8_bin DEFAULT NULL,
  PRIMARY KEY (`ID_`),
  KEY `ACT_IDX_HI_IDENT_LNK_USER` (`USER_ID_`),
  KEY `ACT_IDX_HI_IDENT_LNK_TASK` (`TASK_ID_`),
  KEY `ACT_IDX_HI_IDENT_LNK_PROCINST` (`PROC_INST_ID_`)
) ENGINE=InnoDB DEFAULT CHARSET=utf8 COLLATE=utf8_bin;



# Dump of table act_hi_procinst
# ------------------------------------------------------------

DROP TABLE IF EXISTS `act_hi_procinst`;

CREATE TABLE `act_hi_procinst` (
  `ID_` varchar(64) COLLATE utf8_bin NOT NULL,
  `PROC_INST_ID_` varchar(64) COLLATE utf8_bin NOT NULL,
  `BUSINESS_KEY_` varchar(255) COLLATE utf8_bin DEFAULT NULL,
  `PROC_DEF_ID_` varchar(64) COLLATE utf8_bin NOT NULL,
  `START_TIME_` datetime(3) NOT NULL,
  `END_TIME_` datetime(3) DEFAULT NULL,
  `DURATION_` bigint(20) DEFAULT NULL,
  `START_USER_ID_` varchar(255) COLLATE utf8_bin DEFAULT NULL,
  `START_ACT_ID_` varchar(255) COLLATE utf8_bin DEFAULT NULL,
  `END_ACT_ID_` varchar(255) COLLATE utf8_bin DEFAULT NULL,
  `SUPER_PROCESS_INSTANCE_ID_` varchar(64) COLLATE utf8_bin DEFAULT NULL,
  `DELETE_REASON_` varchar(4000) COLLATE utf8_bin DEFAULT NULL,
  `TENANT_ID_` varchar(255) COLLATE utf8_bin DEFAULT '',
  `NAME_` varchar(255) COLLATE utf8_bin DEFAULT NULL,
  PRIMARY KEY (`ID_`),
  UNIQUE KEY `PROC_INST_ID_` (`PROC_INST_ID_`),
  KEY `ACT_IDX_HI_PRO_INST_END` (`END_TIME_`),
  KEY `ACT_IDX_HI_PRO_I_BUSKEY` (`BUSINESS_KEY_`)
) ENGINE=InnoDB DEFAULT CHARSET=utf8 COLLATE=utf8_bin;



# Dump of table act_hi_taskinst
# ------------------------------------------------------------

DROP TABLE IF EXISTS `act_hi_taskinst`;

CREATE TABLE `act_hi_taskinst` (
  `ID_` varchar(64) COLLATE utf8_bin NOT NULL,
  `PROC_DEF_ID_` varchar(64) COLLATE utf8_bin DEFAULT NULL,
  `TASK_DEF_KEY_` varchar(255) COLLATE utf8_bin DEFAULT NULL,
  `PROC_INST_ID_` varchar(64) COLLATE utf8_bin DEFAULT NULL,
  `EXECUTION_ID_` varchar(64) COLLATE utf8_bin DEFAULT NULL,
  `NAME_` varchar(255) COLLATE utf8_bin DEFAULT NULL,
  `PARENT_TASK_ID_` varchar(64) COLLATE utf8_bin DEFAULT NULL,
  `DESCRIPTION_` varchar(4000) COLLATE utf8_bin DEFAULT NULL,
  `OWNER_` varchar(255) COLLATE utf8_bin DEFAULT NULL,
  `ASSIGNEE_` varchar(255) COLLATE utf8_bin DEFAULT NULL,
  `START_TIME_` datetime(3) NOT NULL,
  `CLAIM_TIME_` datetime(3) DEFAULT NULL,
  `END_TIME_` datetime(3) DEFAULT NULL,
  `DURATION_` bigint(20) DEFAULT NULL,
  `DELETE_REASON_` varchar(4000) COLLATE utf8_bin DEFAULT NULL,
  `PRIORITY_` int(11) DEFAULT NULL,
  `DUE_DATE_` datetime(3) DEFAULT NULL,
  `FORM_KEY_` varchar(255) COLLATE utf8_bin DEFAULT NULL,
  `CATEGORY_` varchar(255) COLLATE utf8_bin DEFAULT NULL,
  `TENANT_ID_` varchar(255) COLLATE utf8_bin DEFAULT '',
  PRIMARY KEY (`ID_`),
  KEY `ACT_IDX_HI_TASK_INST_PROCINST` (`PROC_INST_ID_`)
) ENGINE=InnoDB DEFAULT CHARSET=utf8 COLLATE=utf8_bin;



# Dump of table act_hi_varinst
# ------------------------------------------------------------

DROP TABLE IF EXISTS `act_hi_varinst`;

CREATE TABLE `act_hi_varinst` (
  `ID_` varchar(64) COLLATE utf8_bin NOT NULL,
  `PROC_INST_ID_` varchar(64) COLLATE utf8_bin DEFAULT NULL,
  `EXECUTION_ID_` varchar(64) COLLATE utf8_bin DEFAULT NULL,
  `TASK_ID_` varchar(64) COLLATE utf8_bin DEFAULT NULL,
  `NAME_` varchar(255) COLLATE utf8_bin NOT NULL,
  `VAR_TYPE_` varchar(100) COLLATE utf8_bin DEFAULT NULL,
  `REV_` int(11) DEFAULT NULL,
  `BYTEARRAY_ID_` varchar(64) COLLATE utf8_bin DEFAULT NULL,
  `DOUBLE_` double DEFAULT NULL,
  `LONG_` bigint(20) DEFAULT NULL,
  `TEXT_` varchar(4000) COLLATE utf8_bin DEFAULT NULL,
  `TEXT2_` varchar(4000) COLLATE utf8_bin DEFAULT NULL,
  `CREATE_TIME_` datetime(3) DEFAULT NULL,
  `LAST_UPDATED_TIME_` datetime(3) DEFAULT NULL,
  PRIMARY KEY (`ID_`),
  KEY `ACT_IDX_HI_PROCVAR_PROC_INST` (`PROC_INST_ID_`),
  KEY `ACT_IDX_HI_PROCVAR_NAME_TYPE` (`NAME_`,`VAR_TYPE_`),
  KEY `ACT_IDX_HI_PROCVAR_TASK_ID` (`TASK_ID_`)
) ENGINE=InnoDB DEFAULT CHARSET=utf8 COLLATE=utf8_bin;



# Dump of table act_id_group
# ------------------------------------------------------------

DROP TABLE IF EXISTS `act_id_group`;

CREATE TABLE `act_id_group` (
  `ID_` varchar(64) COLLATE utf8_bin NOT NULL,
  `REV_` int(11) DEFAULT NULL,
  `NAME_` varchar(255) COLLATE utf8_bin DEFAULT NULL,
  `TYPE_` varchar(255) COLLATE utf8_bin DEFAULT NULL,
  PRIMARY KEY (`ID_`)
) ENGINE=InnoDB DEFAULT CHARSET=utf8 COLLATE=utf8_bin;



# Dump of table act_id_info
# ------------------------------------------------------------

DROP TABLE IF EXISTS `act_id_info`;

CREATE TABLE `act_id_info` (
  `ID_` varchar(64) COLLATE utf8_bin NOT NULL,
  `REV_` int(11) DEFAULT NULL,
  `USER_ID_` varchar(64) COLLATE utf8_bin DEFAULT NULL,
  `TYPE_` varchar(64) COLLATE utf8_bin DEFAULT NULL,
  `KEY_` varchar(255) COLLATE utf8_bin DEFAULT NULL,
  `VALUE_` varchar(255) COLLATE utf8_bin DEFAULT NULL,
  `PASSWORD_` longblob,
  `PARENT_ID_` varchar(255) COLLATE utf8_bin DEFAULT NULL,
  PRIMARY KEY (`ID_`)
) ENGINE=InnoDB DEFAULT CHARSET=utf8 COLLATE=utf8_bin;



# Dump of table act_id_membership
# ------------------------------------------------------------

DROP TABLE IF EXISTS `act_id_membership`;

CREATE TABLE `act_id_membership` (
  `USER_ID_` varchar(64) COLLATE utf8_bin NOT NULL,
  `GROUP_ID_` varchar(64) COLLATE utf8_bin NOT NULL,
  PRIMARY KEY (`USER_ID_`,`GROUP_ID_`),
  KEY `ACT_FK_MEMB_GROUP` (`GROUP_ID_`),
  CONSTRAINT `ACT_FK_MEMB_GROUP` FOREIGN KEY (`GROUP_ID_`) REFERENCES `act_id_group` (`ID_`),
  CONSTRAINT `ACT_FK_MEMB_USER` FOREIGN KEY (`USER_ID_`) REFERENCES `act_id_user` (`ID_`)
) ENGINE=InnoDB DEFAULT CHARSET=utf8 COLLATE=utf8_bin;



# Dump of table act_id_user
# ------------------------------------------------------------

DROP TABLE IF EXISTS `act_id_user`;

CREATE TABLE `act_id_user` (
  `ID_` varchar(64) COLLATE utf8_bin NOT NULL,
  `REV_` int(11) DEFAULT NULL,
  `FIRST_` varchar(255) COLLATE utf8_bin DEFAULT NULL,
  `LAST_` varchar(255) COLLATE utf8_bin DEFAULT NULL,
  `EMAIL_` varchar(255) COLLATE utf8_bin DEFAULT NULL,
  `PWD_` varchar(255) COLLATE utf8_bin DEFAULT NULL,
  `PICTURE_ID_` varchar(64) COLLATE utf8_bin DEFAULT NULL,
  PRIMARY KEY (`ID_`)
) ENGINE=InnoDB DEFAULT CHARSET=utf8 COLLATE=utf8_bin;



# Dump of table act_procdef_info
# ------------------------------------------------------------

DROP TABLE IF EXISTS `act_procdef_info`;

CREATE TABLE `act_procdef_info` (
  `ID_` varchar(64) COLLATE utf8_bin NOT NULL,
  `PROC_DEF_ID_` varchar(64) COLLATE utf8_bin NOT NULL,
  `REV_` int(11) DEFAULT NULL,
  `INFO_JSON_ID_` varchar(64) COLLATE utf8_bin DEFAULT NULL,
  PRIMARY KEY (`ID_`),
  UNIQUE KEY `ACT_UNIQ_INFO_PROCDEF` (`PROC_DEF_ID_`),
  KEY `ACT_IDX_INFO_PROCDEF` (`PROC_DEF_ID_`),
  KEY `ACT_FK_INFO_JSON_BA` (`INFO_JSON_ID_`),
  CONSTRAINT `ACT_FK_INFO_JSON_BA` FOREIGN KEY (`INFO_JSON_ID_`) REFERENCES `act_ge_bytearray` (`ID_`),
  CONSTRAINT `ACT_FK_INFO_PROCDEF` FOREIGN KEY (`PROC_DEF_ID_`) REFERENCES `act_re_procdef` (`ID_`)
) ENGINE=InnoDB DEFAULT CHARSET=utf8 COLLATE=utf8_bin;



# Dump of table act_re_deployment
# ------------------------------------------------------------

DROP TABLE IF EXISTS `act_re_deployment`;

CREATE TABLE `act_re_deployment` (
  `ID_` varchar(64) COLLATE utf8_bin NOT NULL,
  `NAME_` varchar(255) COLLATE utf8_bin DEFAULT NULL,
  `CATEGORY_` varchar(255) COLLATE utf8_bin DEFAULT NULL,
  `TENANT_ID_` varchar(255) COLLATE utf8_bin DEFAULT '',
  `DEPLOY_TIME_` timestamp(3) NULL DEFAULT NULL,
  PRIMARY KEY (`ID_`)
) ENGINE=InnoDB DEFAULT CHARSET=utf8 COLLATE=utf8_bin;



# Dump of table act_re_model
# ------------------------------------------------------------

DROP TABLE IF EXISTS `act_re_model`;

CREATE TABLE `act_re_model` (
  `ID_` varchar(64) COLLATE utf8_bin NOT NULL,
  `REV_` int(11) DEFAULT NULL,
  `NAME_` varchar(255) COLLATE utf8_bin DEFAULT NULL,
  `KEY_` varchar(255) COLLATE utf8_bin DEFAULT NULL,
  `CATEGORY_` varchar(255) COLLATE utf8_bin DEFAULT NULL,
  `CREATE_TIME_` timestamp(3) NULL DEFAULT NULL,
  `LAST_UPDATE_TIME_` timestamp(3) NULL DEFAULT NULL,
  `VERSION_` int(11) DEFAULT NULL,
  `META_INFO_` varchar(4000) COLLATE utf8_bin DEFAULT NULL,
  `DEPLOYMENT_ID_` varchar(64) COLLATE utf8_bin DEFAULT NULL,
  `EDITOR_SOURCE_VALUE_ID_` varchar(64) COLLATE utf8_bin DEFAULT NULL,
  `EDITOR_SOURCE_EXTRA_VALUE_ID_` varchar(64) COLLATE utf8_bin DEFAULT NULL,
  `TENANT_ID_` varchar(255) COLLATE utf8_bin DEFAULT '',
  PRIMARY KEY (`ID_`),
  KEY `ACT_FK_MODEL_SOURCE` (`EDITOR_SOURCE_VALUE_ID_`),
  KEY `ACT_FK_MODEL_SOURCE_EXTRA` (`EDITOR_SOURCE_EXTRA_VALUE_ID_`),
  KEY `ACT_FK_MODEL_DEPLOYMENT` (`DEPLOYMENT_ID_`),
  CONSTRAINT `ACT_FK_MODEL_DEPLOYMENT` FOREIGN KEY (`DEPLOYMENT_ID_`) REFERENCES `act_re_deployment` (`ID_`),
  CONSTRAINT `ACT_FK_MODEL_SOURCE` FOREIGN KEY (`EDITOR_SOURCE_VALUE_ID_`) REFERENCES `act_ge_bytearray` (`ID_`),
  CONSTRAINT `ACT_FK_MODEL_SOURCE_EXTRA` FOREIGN KEY (`EDITOR_SOURCE_EXTRA_VALUE_ID_`) REFERENCES `act_ge_bytearray` (`ID_`)
) ENGINE=InnoDB DEFAULT CHARSET=utf8 COLLATE=utf8_bin;

LOCK TABLES `act_re_model` WRITE;
/*!40000 ALTER TABLE `act_re_model` DISABLE KEYS */;

INSERT INTO `act_re_model` (`ID_`, `REV_`, `NAME_`, `KEY_`, `CATEGORY_`, `CREATE_TIME_`, `LAST_UPDATE_TIME_`, `VERSION_`, `META_INFO_`, `DEPLOYMENT_ID_`, `EDITOR_SOURCE_VALUE_ID_`, `EDITOR_SOURCE_EXTRA_VALUE_ID_`, `TENANT_ID_`)
VALUES
	(X'3130303031',13,X'E8AFB7E58187E6B581E7A88B',X'6C65617665',NULL,'2017-02-16 19:39:21.310','2017-02-16 21:40:14.258',1,X'7B226E616D65223A22E8AFB7E58187E6B581E7A88B222C227265766973696F6E223A312C226465736372697074696F6E223A22E59198E5B7A5E8AFB7E58187E6B581E7A88B56312E30227D',NULL,X'3130303032',X'3130303033',X'');

/*!40000 ALTER TABLE `act_re_model` ENABLE KEYS */;
UNLOCK TABLES;


# Dump of table act_re_procdef
# ------------------------------------------------------------

DROP TABLE IF EXISTS `act_re_procdef`;

CREATE TABLE `act_re_procdef` (
  `ID_` varchar(64) COLLATE utf8_bin NOT NULL,
  `REV_` int(11) DEFAULT NULL,
  `CATEGORY_` varchar(255) COLLATE utf8_bin DEFAULT NULL,
  `NAME_` varchar(255) COLLATE utf8_bin DEFAULT NULL,
  `KEY_` varchar(255) COLLATE utf8_bin NOT NULL,
  `VERSION_` int(11) NOT NULL,
  `DEPLOYMENT_ID_` varchar(64) COLLATE utf8_bin DEFAULT NULL,
  `RESOURCE_NAME_` varchar(4000) COLLATE utf8_bin DEFAULT NULL,
  `DGRM_RESOURCE_NAME_` varchar(4000) COLLATE utf8_bin DEFAULT NULL,
  `DESCRIPTION_` varchar(4000) COLLATE utf8_bin DEFAULT NULL,
  `HAS_START_FORM_KEY_` tinyint(4) DEFAULT NULL,
  `HAS_GRAPHICAL_NOTATION_` tinyint(4) DEFAULT NULL,
  `SUSPENSION_STATE_` int(11) DEFAULT NULL,
  `TENANT_ID_` varchar(255) COLLATE utf8_bin DEFAULT '',
  PRIMARY KEY (`ID_`),
  UNIQUE KEY `ACT_UNIQ_PROCDEF` (`KEY_`,`VERSION_`,`TENANT_ID_`)
) ENGINE=InnoDB DEFAULT CHARSET=utf8 COLLATE=utf8_bin;



# Dump of table act_ru_event_subscr
# ------------------------------------------------------------

DROP TABLE IF EXISTS `act_ru_event_subscr`;

CREATE TABLE `act_ru_event_subscr` (
  `ID_` varchar(64) COLLATE utf8_bin NOT NULL,
  `REV_` int(11) DEFAULT NULL,
  `EVENT_TYPE_` varchar(255) COLLATE utf8_bin NOT NULL,
  `EVENT_NAME_` varchar(255) COLLATE utf8_bin DEFAULT NULL,
  `EXECUTION_ID_` varchar(64) COLLATE utf8_bin DEFAULT NULL,
  `PROC_INST_ID_` varchar(64) COLLATE utf8_bin DEFAULT NULL,
  `ACTIVITY_ID_` varchar(64) COLLATE utf8_bin DEFAULT NULL,
  `CONFIGURATION_` varchar(255) COLLATE utf8_bin DEFAULT NULL,
  `CREATED_` timestamp(3) NOT NULL DEFAULT CURRENT_TIMESTAMP(3),
  `PROC_DEF_ID_` varchar(64) COLLATE utf8_bin DEFAULT NULL,
  `TENANT_ID_` varchar(255) COLLATE utf8_bin DEFAULT '',
  PRIMARY KEY (`ID_`),
  KEY `ACT_IDX_EVENT_SUBSCR_CONFIG_` (`CONFIGURATION_`),
  KEY `ACT_FK_EVENT_EXEC` (`EXECUTION_ID_`),
  CONSTRAINT `ACT_FK_EVENT_EXEC` FOREIGN KEY (`EXECUTION_ID_`) REFERENCES `act_ru_execution` (`ID_`)
) ENGINE=InnoDB DEFAULT CHARSET=utf8 COLLATE=utf8_bin;



# Dump of table act_ru_execution
# ------------------------------------------------------------

DROP TABLE IF EXISTS `act_ru_execution`;

CREATE TABLE `act_ru_execution` (
  `ID_` varchar(64) COLLATE utf8_bin NOT NULL,
  `REV_` int(11) DEFAULT NULL,
  `PROC_INST_ID_` varchar(64) COLLATE utf8_bin DEFAULT NULL,
  `BUSINESS_KEY_` varchar(255) COLLATE utf8_bin DEFAULT NULL,
  `PARENT_ID_` varchar(64) COLLATE utf8_bin DEFAULT NULL,
  `PROC_DEF_ID_` varchar(64) COLLATE utf8_bin DEFAULT NULL,
  `SUPER_EXEC_` varchar(64) COLLATE utf8_bin DEFAULT NULL,
  `ACT_ID_` varchar(255) COLLATE utf8_bin DEFAULT NULL,
  `IS_ACTIVE_` tinyint(4) DEFAULT NULL,
  `IS_CONCURRENT_` tinyint(4) DEFAULT NULL,
  `IS_SCOPE_` tinyint(4) DEFAULT NULL,
  `IS_EVENT_SCOPE_` tinyint(4) DEFAULT NULL,
  `SUSPENSION_STATE_` int(11) DEFAULT NULL,
  `CACHED_ENT_STATE_` int(11) DEFAULT NULL,
  `TENANT_ID_` varchar(255) COLLATE utf8_bin DEFAULT '',
  `NAME_` varchar(255) COLLATE utf8_bin DEFAULT NULL,
  `LOCK_TIME_` timestamp(3) NULL DEFAULT NULL,
  PRIMARY KEY (`ID_`),
  KEY `ACT_IDX_EXEC_BUSKEY` (`BUSINESS_KEY_`),
  KEY `ACT_FK_EXE_PROCINST` (`PROC_INST_ID_`),
  KEY `ACT_FK_EXE_PARENT` (`PARENT_ID_`),
  KEY `ACT_FK_EXE_SUPER` (`SUPER_EXEC_`),
  KEY `ACT_FK_EXE_PROCDEF` (`PROC_DEF_ID_`),
  CONSTRAINT `ACT_FK_EXE_PARENT` FOREIGN KEY (`PARENT_ID_`) REFERENCES `act_ru_execution` (`ID_`),
  CONSTRAINT `ACT_FK_EXE_PROCDEF` FOREIGN KEY (`PROC_DEF_ID_`) REFERENCES `act_re_procdef` (`ID_`),
  CONSTRAINT `ACT_FK_EXE_PROCINST` FOREIGN KEY (`PROC_INST_ID_`) REFERENCES `act_ru_execution` (`ID_`) ON DELETE CASCADE ON UPDATE CASCADE,
  CONSTRAINT `ACT_FK_EXE_SUPER` FOREIGN KEY (`SUPER_EXEC_`) REFERENCES `act_ru_execution` (`ID_`)
) ENGINE=InnoDB DEFAULT CHARSET=utf8 COLLATE=utf8_bin;



# Dump of table act_ru_identitylink
# ------------------------------------------------------------

DROP TABLE IF EXISTS `act_ru_identitylink`;

CREATE TABLE `act_ru_identitylink` (
  `ID_` varchar(64) COLLATE utf8_bin NOT NULL,
  `REV_` int(11) DEFAULT NULL,
  `GROUP_ID_` varchar(255) COLLATE utf8_bin DEFAULT NULL,
  `TYPE_` varchar(255) COLLATE utf8_bin DEFAULT NULL,
  `USER_ID_` varchar(255) COLLATE utf8_bin DEFAULT NULL,
  `TASK_ID_` varchar(64) COLLATE utf8_bin DEFAULT NULL,
  `PROC_INST_ID_` varchar(64) COLLATE utf8_bin DEFAULT NULL,
  `PROC_DEF_ID_` varchar(64) COLLATE utf8_bin DEFAULT NULL,
  PRIMARY KEY (`ID_`),
  KEY `ACT_IDX_IDENT_LNK_USER` (`USER_ID_`),
  KEY `ACT_IDX_IDENT_LNK_GROUP` (`GROUP_ID_`),
  KEY `ACT_IDX_ATHRZ_PROCEDEF` (`PROC_DEF_ID_`),
  KEY `ACT_FK_TSKASS_TASK` (`TASK_ID_`),
  KEY `ACT_FK_IDL_PROCINST` (`PROC_INST_ID_`),
  CONSTRAINT `ACT_FK_ATHRZ_PROCEDEF` FOREIGN KEY (`PROC_DEF_ID_`) REFERENCES `act_re_procdef` (`ID_`),
  CONSTRAINT `ACT_FK_IDL_PROCINST` FOREIGN KEY (`PROC_INST_ID_`) REFERENCES `act_ru_execution` (`ID_`),
  CONSTRAINT `ACT_FK_TSKASS_TASK` FOREIGN KEY (`TASK_ID_`) REFERENCES `act_ru_task` (`ID_`)
) ENGINE=InnoDB DEFAULT CHARSET=utf8 COLLATE=utf8_bin;



# Dump of table act_ru_job
# ------------------------------------------------------------

DROP TABLE IF EXISTS `act_ru_job`;

CREATE TABLE `act_ru_job` (
  `ID_` varchar(64) COLLATE utf8_bin NOT NULL,
  `REV_` int(11) DEFAULT NULL,
  `TYPE_` varchar(255) COLLATE utf8_bin NOT NULL,
  `LOCK_EXP_TIME_` timestamp(3) NULL DEFAULT NULL,
  `LOCK_OWNER_` varchar(255) COLLATE utf8_bin DEFAULT NULL,
  `EXCLUSIVE_` tinyint(1) DEFAULT NULL,
  `EXECUTION_ID_` varchar(64) COLLATE utf8_bin DEFAULT NULL,
  `PROCESS_INSTANCE_ID_` varchar(64) COLLATE utf8_bin DEFAULT NULL,
  `PROC_DEF_ID_` varchar(64) COLLATE utf8_bin DEFAULT NULL,
  `RETRIES_` int(11) DEFAULT NULL,
  `EXCEPTION_STACK_ID_` varchar(64) COLLATE utf8_bin DEFAULT NULL,
  `EXCEPTION_MSG_` varchar(4000) COLLATE utf8_bin DEFAULT NULL,
  `DUEDATE_` timestamp(3) NULL DEFAULT NULL,
  `REPEAT_` varchar(255) COLLATE utf8_bin DEFAULT NULL,
  `HANDLER_TYPE_` varchar(255) COLLATE utf8_bin DEFAULT NULL,
  `HANDLER_CFG_` varchar(4000) COLLATE utf8_bin DEFAULT NULL,
  `TENANT_ID_` varchar(255) COLLATE utf8_bin DEFAULT '',
  PRIMARY KEY (`ID_`),
  KEY `ACT_FK_JOB_EXCEPTION` (`EXCEPTION_STACK_ID_`),
  CONSTRAINT `ACT_FK_JOB_EXCEPTION` FOREIGN KEY (`EXCEPTION_STACK_ID_`) REFERENCES `act_ge_bytearray` (`ID_`)
) ENGINE=InnoDB DEFAULT CHARSET=utf8 COLLATE=utf8_bin;



# Dump of table act_ru_task
# ------------------------------------------------------------

DROP TABLE IF EXISTS `act_ru_task`;

CREATE TABLE `act_ru_task` (
  `ID_` varchar(64) COLLATE utf8_bin NOT NULL,
  `REV_` int(11) DEFAULT NULL,
  `EXECUTION_ID_` varchar(64) COLLATE utf8_bin DEFAULT NULL,
  `PROC_INST_ID_` varchar(64) COLLATE utf8_bin DEFAULT NULL,
  `PROC_DEF_ID_` varchar(64) COLLATE utf8_bin DEFAULT NULL,
  `NAME_` varchar(255) COLLATE utf8_bin DEFAULT NULL,
  `PARENT_TASK_ID_` varchar(64) COLLATE utf8_bin DEFAULT NULL,
  `DESCRIPTION_` varchar(4000) COLLATE utf8_bin DEFAULT NULL,
  `TASK_DEF_KEY_` varchar(255) COLLATE utf8_bin DEFAULT NULL,
  `OWNER_` varchar(255) COLLATE utf8_bin DEFAULT NULL,
  `ASSIGNEE_` varchar(255) COLLATE utf8_bin DEFAULT NULL,
  `DELEGATION_` varchar(64) COLLATE utf8_bin DEFAULT NULL,
  `PRIORITY_` int(11) DEFAULT NULL,
  `CREATE_TIME_` timestamp(3) NULL DEFAULT NULL,
  `DUE_DATE_` datetime(3) DEFAULT NULL,
  `CATEGORY_` varchar(255) COLLATE utf8_bin DEFAULT NULL,
  `SUSPENSION_STATE_` int(11) DEFAULT NULL,
  `TENANT_ID_` varchar(255) COLLATE utf8_bin DEFAULT '',
  `FORM_KEY_` varchar(255) COLLATE utf8_bin DEFAULT NULL,
  PRIMARY KEY (`ID_`),
  KEY `ACT_IDX_TASK_CREATE` (`CREATE_TIME_`),
  KEY `ACT_FK_TASK_EXE` (`EXECUTION_ID_`),
  KEY `ACT_FK_TASK_PROCINST` (`PROC_INST_ID_`),
  KEY `ACT_FK_TASK_PROCDEF` (`PROC_DEF_ID_`),
  CONSTRAINT `ACT_FK_TASK_EXE` FOREIGN KEY (`EXECUTION_ID_`) REFERENCES `act_ru_execution` (`ID_`),
  CONSTRAINT `ACT_FK_TASK_PROCDEF` FOREIGN KEY (`PROC_DEF_ID_`) REFERENCES `act_re_procdef` (`ID_`),
  CONSTRAINT `ACT_FK_TASK_PROCINST` FOREIGN KEY (`PROC_INST_ID_`) REFERENCES `act_ru_execution` (`ID_`)
) ENGINE=InnoDB DEFAULT CHARSET=utf8 COLLATE=utf8_bin;



# Dump of table act_ru_variable
# ------------------------------------------------------------

DROP TABLE IF EXISTS `act_ru_variable`;

CREATE TABLE `act_ru_variable` (
  `ID_` varchar(64) COLLATE utf8_bin NOT NULL,
  `REV_` int(11) DEFAULT NULL,
  `TYPE_` varchar(255) COLLATE utf8_bin NOT NULL,
  `NAME_` varchar(255) COLLATE utf8_bin NOT NULL,
  `EXECUTION_ID_` varchar(64) COLLATE utf8_bin DEFAULT NULL,
  `PROC_INST_ID_` varchar(64) COLLATE utf8_bin DEFAULT NULL,
  `TASK_ID_` varchar(64) COLLATE utf8_bin DEFAULT NULL,
  `BYTEARRAY_ID_` varchar(64) COLLATE utf8_bin DEFAULT NULL,
  `DOUBLE_` double DEFAULT NULL,
  `LONG_` bigint(20) DEFAULT NULL,
  `TEXT_` varchar(4000) COLLATE utf8_bin DEFAULT NULL,
  `TEXT2_` varchar(4000) COLLATE utf8_bin DEFAULT NULL,
  PRIMARY KEY (`ID_`),
  KEY `ACT_IDX_VARIABLE_TASK_ID` (`TASK_ID_`),
  KEY `ACT_FK_VAR_EXE` (`EXECUTION_ID_`),
  KEY `ACT_FK_VAR_PROCINST` (`PROC_INST_ID_`),
  KEY `ACT_FK_VAR_BYTEARRAY` (`BYTEARRAY_ID_`),
  CONSTRAINT `ACT_FK_VAR_BYTEARRAY` FOREIGN KEY (`BYTEARRAY_ID_`) REFERENCES `act_ge_bytearray` (`ID_`),
  CONSTRAINT `ACT_FK_VAR_EXE` FOREIGN KEY (`EXECUTION_ID_`) REFERENCES `act_ru_execution` (`ID_`),
  CONSTRAINT `ACT_FK_VAR_PROCINST` FOREIGN KEY (`PROC_INST_ID_`) REFERENCES `act_ru_execution` (`ID_`)
) ENGINE=InnoDB DEFAULT CHARSET=utf8 COLLATE=utf8_bin;



# Dump of table bi_charts
# ------------------------------------------------------------

DROP TABLE IF EXISTS `bi_charts`;

CREATE TABLE `bi_charts` (
  `id` varchar(32) NOT NULL,
  `name` varchar(50) NOT NULL COMMENT '名称',
  `type` varchar(50) NOT NULL COMMENT '类型',
  `configs` text NOT NULL COMMENT '配置',
  `createUser` varchar(32) NOT NULL COMMENT '创建人',
  `createTime` varchar(20) NOT NULL COMMENT '创建时间',
  PRIMARY KEY (`id`)
) ENGINE=InnoDB DEFAULT CHARSET=utf8 COMMENT='自定义图表';

LOCK TABLES `bi_charts` WRITE;
/*!40000 ALTER TABLE `bi_charts` DISABLE KEYS */;

INSERT INTO `bi_charts` (`id`, `name`, `type`, `configs`, `createUser`, `createTime`)
VALUES
	('4028b88158c368660158c36f62c60001','日访问量统计','line','{\"type\":\"line\",\"datasource\":[{\"id\":\"4028b88158c282ad0158c28c61550001\",\"name\":\"系统日访问量\",\"xAxis\":\"日期\",\"yAxis\":\"访问数\"}],\"charts\":{\"type\":\"line\",\"options\":{\"title\":{\"display\":false,\"text\":\"中文\",\"position\":\"top\"},\"legend\":{\"display\":false,\"position\":\"top\"},\"elements\":{\"line\":{\"fill\":false},\"point\":{\"radius\":\"3\"}}}}}','超级管理员','2016-12-03 14:46:46'),
	('4028b88158c394ca0158c398392c0002','日志访问统计','pie','{\"type\":\"pie\",\"datasource\":[{\"id\":\"4028b88158bd92010158be031c820003\",\"name\":\"系统日志IP统计\",\"xAxis\":\"IP地址\",\"yAxis\":\"数量\"}],\"charts\":{\"type\":\"pie\",\"options\":{\"title\":{\"display\":false,\"text\":\"日期分布\",\"position\":\"top\"}}}}','超级管理员','2016-12-03 15:31:22'),
	('4028b88158c394ca0158c39c387b0003','日志统计 - 环形','doughnut','{\"type\":\"pie\",\"datasource\":[{\"id\":\"4028b88158bd92010158be031c820003\",\"name\":\"系统日志IP统计\",\"xAxis\":\"IP地址\",\"yAxis\":\"数量\"}],\"charts\":{\"type\":\"pie\",\"options\":{\"title\":{\"display\":false,\"text\":\"\",\"position\":\"top\"},\"cutoutPercentage\":\"50\"}}}','超级管理员','2016-12-03 15:35:44'),
	('4028b88158c394ca0158c3a36d140012','日志统计 - 极坐标图','polar-area','{\"type\":\"polarArea\",\"datasource\":[{\"id\":\"4028b88158b8da450158b94836200009\",\"name\":\"系统日志模块统计\",\"xAxis\":\"系统模块\",\"yAxis\":\"访问数量\"}],\"charts\":{\"type\":\"polarArea\",\"options\":{\"legend\":{\"display\":true},\"animation\":{\"animateScale\":true}}}}','超级管理员','2016-12-03 15:43:37'),
	('4028b88158c394ca0158c3abc0fc001a','日志统计 - 雷达图','radar','{\"type\":\"radar\",\"datasource\":[{\"id\":\"4028b88158b8da450158b94836200009\",\"name\":\"系统日志模块统计\",\"xAxis\":\"系统模块\",\"yAxis\":\"访问数量\"}],\"charts\":{\"type\":\"radar\",\"options\":{\"legend\":{\"display\":false},\"animation\":{\"animateScale\":true}}}}','超级管理员','2016-12-03 15:52:42'),
	('4028b88158c394ca0158c3c0d84f0025','气泡图-演示','bubble','{\"type\":\"bar\",\"datasource\":[{\"id\":\"4028b88158c394ca0158c3bcb0180024\",\"name\":\"气泡图测试数据源\",\"xAxis\":\"x\",\"yAxis\":\"y\", \"rAxis\":\"r\"}],\"charts\":{\"type\":\"bubble\",\"options\":{\"title\":{\"display\":false,\"text\":\"测试图表\",\"position\":\"top\"}}}}','超级管理员','2016-12-03 16:15:45'),
	('4028b88158cd06060158cddb966d0023','柱状图','bar','{\"type\":\"bar\",\"datasource\":[{\"id\":\"4028b88158bd92010158be031c820003\",\"name\":\"系统日志IP统计\",\"xAxis\":\"IP地址\",\"yAxis\":\"数量\"}],\"charts\":{\"type\":\"bar\",\"options\":{\"legend\":{\"display\":true,\"reverse\":true}}}}','超级管理员','2016-12-05 15:21:09'),
	('4028b88159ca09e00159ca833a05000f','折线图-填充','line','{\"type\":\"line\",\"datasource\":[{\"id\":\"4028b88158c282ad0158c28c61550001\",\"name\":\"系统日访问量\",\"xAxis\":\"日期\",\"yAxis\":\"访问数\"}],\"charts\":{\"type\":\"line\",\"options\":{\"title\":{\"display\":false,\"text\":\"\",\"position\":\"top\"},\"legend\":{\"display\":false,\"position\":\"top\"},\"elements\":{\"line\":{\"fill\":true},\"point\":{\"radius\":\"3\"}}}}}','超级管理员','2017-01-23 16:48:34');

/*!40000 ALTER TABLE `bi_charts` ENABLE KEYS */;
UNLOCK TABLES;


# Dump of table bi_database
# ------------------------------------------------------------

DROP TABLE IF EXISTS `bi_database`;

CREATE TABLE `bi_database` (
  `id` varchar(32) NOT NULL,
  `name` varchar(50) NOT NULL COMMENT '数据库名称',
  `type` varchar(10) NOT NULL COMMENT '数据库类型',
  `driver` varchar(100) NOT NULL COMMENT '数据库驱动',
  `host` varchar(50) NOT NULL COMMENT '主机地址',
  `port` int(11) NOT NULL COMMENT '端口',
  `dbName` varchar(50) NOT NULL COMMENT '数据库名',
  `url` varchar(100) NOT NULL COMMENT '数据库连接',
  `username` varchar(50) NOT NULL COMMENT '数据库用户名',
  `password` varchar(100) DEFAULT NULL COMMENT '数据库密码',
  `invokes` int(11) NOT NULL DEFAULT '0' COMMENT '调用次数',
  `createUser` varchar(32) NOT NULL COMMENT '创建人',
  `createTime` varchar(20) NOT NULL COMMENT '创建时间',
  PRIMARY KEY (`id`)
) ENGINE=InnoDB DEFAULT CHARSET=utf8 COMMENT='数据库';

LOCK TABLES `bi_database` WRITE;
/*!40000 ALTER TABLE `bi_database` DISABLE KEYS */;

INSERT INTO `bi_database` (`id`, `name`, `type`, `driver`, `host`, `port`, `dbName`, `url`, `username`, `password`, `invokes`, `createUser`, `createTime`)
VALUES
	('4028b88159b0b8760159b0c78bb40003','测试数据库','mysql','com.mysql.jdbc.Driver','localhost',3306,'test','jdbc:mysql://localhost:3306/test','root','pass',0,'超级管理员','2017-01-18 16:53:04');

/*!40000 ALTER TABLE `bi_database` ENABLE KEYS */;
UNLOCK TABLES;


# Dump of table bi_datasource
# ------------------------------------------------------------

DROP TABLE IF EXISTS `bi_datasource`;

CREATE TABLE `bi_datasource` (
  `id` varchar(50) NOT NULL,
  `db` varchar(32) NOT NULL DEFAULT 'local' COMMENT '目标数据库',
  `name` varchar(30) NOT NULL COMMENT '数据源名称',
  `sqlCmd` text NOT NULL COMMENT 'sql语句',
  `virtuald` tinyint(1) NOT NULL DEFAULT '0' COMMENT '是否是虚拟数据源',
  `virtualLinkIds` varchar(500) DEFAULT NULL COMMENT '关联数据源id，多个用逗号隔开',
  `createUser` varchar(50) NOT NULL,
  `createTime` varchar(20) NOT NULL,
  PRIMARY KEY (`id`)
) ENGINE=InnoDB DEFAULT CHARSET=utf8;

LOCK TABLES `bi_datasource` WRITE;
/*!40000 ALTER TABLE `bi_datasource` DISABLE KEYS */;

INSERT INTO `bi_datasource` (`id`, `db`, `name`, `sqlCmd`, `virtuald`, `virtualLinkIds`, `createUser`, `createTime`)
VALUES
	('4028b88158af03570158af47b68e000b','local','测试数据源','select id, name, sex from bi_test1 where name like \'%{#姓名#}%\'',0,NULL,'superadmin','2016-11-29 16:51:02'),
	('4028b88158af03570158af6adbf80011','local','测试数据源-无参','select * from bi_test1',0,NULL,'superadmin','2016-11-29 17:29:25'),
	('4028b88158b8da450158b94836200009','local','系统日志模块统计','SELECT module AS \'系统模块\', COUNT(*) AS \'访问数量\' FROM sys_log GROUP BY module',0,NULL,'superadmin','2016-12-01 15:27:47'),
	('4028b88158bd92010158be031c820003','local','系统日志IP统计','SELECT ip as IP地址 , COUNT(*) AS 数量 FROM sys_log where level=1 GROUP BY ip',0,NULL,'superadmin','2016-12-02 13:30:24'),
	('4028b88158c282ad0158c28c61550001','local','系统日访问量','SELECT t AS \'日期\', c AS \'访问数\' FROM (SELECT LEFT(log_time, 10) AS t, COUNT(*) AS c FROM sys_log GROUP BY LEFT(log_time, 10) ORDER BY log_time DESC LIMIT 0, 7) AS a ORDER BY a.t ASC',0,NULL,'superadmin','2016-12-03 10:38:49'),
	('4028b88158c394ca0158c3bcb0180024','local','气泡图测试数据源','select * from bi_test2',0,NULL,'superadmin','2016-12-03 16:11:12'),
	('4028b8815977f53a01597805e6290001','local','统计表','select * from bi_test4',0,NULL,'superadmin','2017-01-07 16:22:49'),
	('4028b88159b5499f0159b54be5230001','4028b88159b0b8760159b0c78bb40003','外部数据源-A','SELECT * FROM activity_cutting_detail',0,NULL,'superadmin','2017-01-19 13:56:06'),
	('4028b88159bb1f7c0159bb2eec570005','local','虚拟数据源-DEMO1','select * from {0} as t1\nleft join {1} as t2 on t1.id = t2.x',1,'4028b88158af03570158af6adbf80011,4028b88158c394ca0158c3bcb0180024','superadmin','2017-01-20 17:22:10');

/*!40000 ALTER TABLE `bi_datasource` ENABLE KEYS */;
UNLOCK TABLES;


# Dump of table bi_datasource_meta
# ------------------------------------------------------------

DROP TABLE IF EXISTS `bi_datasource_meta`;

CREATE TABLE `bi_datasource_meta` (
  `id` varchar(32) NOT NULL,
  `dsId` varchar(32) NOT NULL COMMENT '资源ID',
  `name` varchar(50) NOT NULL COMMENT '字段名',
  `label` varchar(50) NOT NULL COMMENT '字段描述',
  `type` varchar(50) NOT NULL COMMENT '字段类型',
  PRIMARY KEY (`id`),
  KEY `FK_bi_datasource$bi_datasource_meta` (`dsId`),
  CONSTRAINT `FK_bi_datasource$bi_datasource_meta` FOREIGN KEY (`dsId`) REFERENCES `bi_datasource` (`id`)
) ENGINE=InnoDB DEFAULT CHARSET=utf8;

LOCK TABLES `bi_datasource_meta` WRITE;
/*!40000 ALTER TABLE `bi_datasource_meta` DISABLE KEYS */;

INSERT INTO `bi_datasource_meta` (`id`, `dsId`, `name`, `label`, `type`)
VALUES
	('4028b881590192ea01590193616a0001','4028b88158af03570158af47b68e000b','id','id','java.lang.Integer'),
	('4028b881590192ea01590193616a0002','4028b88158af03570158af47b68e000b','name','name','java.lang.String'),
	('4028b881590192ea01590193616a0003','4028b88158af03570158af47b68e000b','sex','sex','java.lang.String'),
	('4028b8815945c4f9015945da425b0001','4028b88158af03570158af6adbf80011','id','id','java.lang.Integer'),
	('4028b8815945c4f9015945da425c0002','4028b88158af03570158af6adbf80011','name','name','java.lang.String'),
	('4028b8815945c4f9015945da425c0003','4028b88158af03570158af6adbf80011','sex','sex','java.lang.String'),
	('4028b8815945c4f9015945dc1a2e0004','4028b88158b8da450158b94836200009','manipulatename','系统模块','java.lang.String'),
	('4028b8815945c4f9015945dc1a2e0005','4028b88158b8da450158b94836200009','访问数量','访问数量','java.lang.Long'),
	('4028b88159780b930159780df39e0002','4028b8815977f53a01597805e6290001','id','id','java.lang.Integer'),
	('4028b88159780b930159780df39e0003','4028b8815977f53a01597805e6290001','day','day','java.sql.Date'),
	('4028b88159780b930159780df39e0004','4028b8815977f53a01597805e6290001','c1_1','c1_1','java.lang.Integer'),
	('4028b88159780b930159780df39e0005','4028b8815977f53a01597805e6290001','c1_2','c1_2','java.math.BigDecimal'),
	('4028b88159780b930159780df39e0006','4028b8815977f53a01597805e6290001','c2_1','c2_1','java.lang.Integer'),
	('4028b88159780b930159780df39e0007','4028b8815977f53a01597805e6290001','c2_2','c2_2','java.math.BigDecimal'),
	('4028b88159780b930159780df39e0008','4028b8815977f53a01597805e6290001','c3_1','c3_1','java.lang.Integer'),
	('4028b88159780b930159780df39e0009','4028b8815977f53a01597805e6290001','c3_2','c3_2','java.math.BigDecimal'),
	('4028b88159780b930159780df39e000a','4028b8815977f53a01597805e6290001','c4_1','c4_1','java.lang.Integer'),
	('4028b88159780b930159780df3a0000b','4028b8815977f53a01597805e6290001','c4_2','c4_2','java.math.BigDecimal'),
	('4028b88159780b930159780df3a0000c','4028b8815977f53a01597805e6290001','c5_1','c5_1','java.lang.Integer'),
	('4028b88159780b930159780df3a0000d','4028b8815977f53a01597805e6290001','c5_2','c5_2','java.math.BigDecimal'),
	('4028b88159b553ce0159b56653330002','4028b88159b5499f0159b54be5230001','id','id','java.lang.Long'),
	('4028b88159b553ce0159b56653340003','4028b88159b5499f0159b54be5230001','merchant_id','merchant_id','java.lang.Long'),
	('4028b88159b553ce0159b56653340004','4028b88159b5499f0159b54be5230001','poritl','poritl','java.lang.String'),
	('4028b88159b553ce0159b56653340005','4028b88159b5499f0159b54be5230001','name','name','java.lang.String'),
	('4028b88159b553ce0159b56653340006','4028b88159b5499f0159b54be5230001','join_time','join_time','java.sql.Timestamp'),
	('4028b88159b553ce0159b56653340007','4028b88159b5499f0159b54be5230001','label_key','label_key','java.lang.String'),
	('4028b88159b553ce0159b56653340008','4028b88159b5499f0159b54be5230001','label','label','java.lang.String'),
	('4028b88159b553ce0159b56653340009','4028b88159b5499f0159b54be5230001','type','type','java.lang.Integer'),
	('4028b88159b553ce0159b5665334000a','4028b88159b5499f0159b54be5230001','price','price','java.math.BigDecimal'),
	('4028b88159b553ce0159b5665334000b','4028b88159b5499f0159b54be5230001','out_trade_no','out_trade_no','java.lang.String'),
	('4028b88159b553ce0159b5665334000c','4028b88159b5499f0159b54be5230001','demand','demand','java.lang.String'),
	('4028b88159b553ce0159b5665335000d','4028b88159b5499f0159b54be5230001','transaction_id','transaction_id','java.lang.String'),
	('4028b88159b553ce0159b5665335000e','4028b88159b5499f0159b54be5230001','openId','openId','java.lang.String'),
	('4028b88159baf41f0159bb09b6340001','4028b88158bd92010158be031c820003','logip','IP地址','java.lang.String'),
	('4028b88159baf41f0159bb09b6340002','4028b88158bd92010158be031c820003','数量','数量','java.lang.Long'),
	('4028b88159baf41f0159bb1065930003','4028b88158c394ca0158c3bcb0180024','x','x','java.lang.Integer'),
	('4028b88159baf41f0159bb1065930004','4028b88158c394ca0158c3bcb0180024','y','y','java.lang.Integer'),
	('4028b88159baf41f0159bb1065930005','4028b88158c394ca0158c3bcb0180024','r','r','java.lang.Integer'),
	('4028b88159ca09e00159ca827f93000d','4028b88158c282ad0158c28c61550001','t','日期','java.lang.String'),
	('4028b88159ca09e00159ca827f94000e','4028b88158c282ad0158c28c61550001','c','访问数','java.lang.Long');

/*!40000 ALTER TABLE `bi_datasource_meta` ENABLE KEYS */;
UNLOCK TABLES;


# Dump of table bi_datasource_params
# ------------------------------------------------------------

DROP TABLE IF EXISTS `bi_datasource_params`;

CREATE TABLE `bi_datasource_params` (
  `id` varchar(50) NOT NULL,
  `dsId` varchar(50) NOT NULL COMMENT '数据源',
  `field` varchar(50) NOT NULL COMMENT '字段',
  `defaultValue` varchar(255) DEFAULT NULL COMMENT '映射关系',
  PRIMARY KEY (`id`),
  KEY `FK_DS_MP_DS` (`dsId`),
  CONSTRAINT `FK_DS_MP_DS` FOREIGN KEY (`dsId`) REFERENCES `bi_datasource` (`id`)
) ENGINE=InnoDB DEFAULT CHARSET=utf8;

LOCK TABLES `bi_datasource_params` WRITE;
/*!40000 ALTER TABLE `bi_datasource_params` DISABLE KEYS */;

INSERT INTO `bi_datasource_params` (`id`, `dsId`, `field`, `defaultValue`)
VALUES
	('4028b88158af03570158af47b68f000c','4028b88158af03570158af47b68e000b','姓名','A');

/*!40000 ALTER TABLE `bi_datasource_params` ENABLE KEYS */;
UNLOCK TABLES;


# Dump of table bi_flow
# ------------------------------------------------------------

DROP TABLE IF EXISTS `bi_flow`;

CREATE TABLE `bi_flow` (
  `id` varchar(50) NOT NULL,
  `name` varchar(50) NOT NULL,
  `content` text,
  `deployId` varchar(50) DEFAULT NULL,
  `version` varchar(2) DEFAULT NULL,
  `createUser` varchar(20) NOT NULL,
  `createTime` varchar(20) NOT NULL,
  PRIMARY KEY (`id`)
) ENGINE=InnoDB DEFAULT CHARSET=utf8;



# Dump of table bi_form
# ------------------------------------------------------------

DROP TABLE IF EXISTS `bi_form`;

CREATE TABLE `bi_form` (
  `id` varchar(50) NOT NULL,
  `name` varchar(20) NOT NULL COMMENT '表单名称',
  `tip` varchar(100) DEFAULT NULL COMMENT '表单完成提示',
  `primaryTable` varchar(50) DEFAULT NULL COMMENT '主表',
  `tableName` varchar(200) DEFAULT NULL COMMENT '对应生成的表名',
  `source` text COMMENT 'html源码，用于后期编辑',
  `content` text COMMENT '生成后的form表单内容',
  `version` varchar(20) DEFAULT NULL COMMENT '版本',
  `createUser` varchar(50) DEFAULT NULL,
  `createTime` varchar(20) DEFAULT NULL,
  PRIMARY KEY (`id`)
) ENGINE=InnoDB DEFAULT CHARSET=utf8;

LOCK TABLES `bi_form` WRITE;
/*!40000 ALTER TABLE `bi_form` DISABLE KEYS */;

INSERT INTO `bi_form` (`id`, `name`, `tip`, `primaryTable`, `tableName`, `source`, `content`, `version`, `createUser`, `createTime`)
VALUES
	('297eb7974e044455014e046e5dc10005','人员信息',NULL,'bi_form_parent','bi_form_parent,bi_form_children','<div class=\"containers fd-view-drag-in\"><div id=\"v_formtitle\" fd-view=\"formtitle\" class=\"bb h4 pb5\" style=\"text-align: center;\">人员信息</div>\n<table id=\"v_table\" fd-view=\"table\" class=\"table table-bordered\">\n    <tbody>\n        <tr>\n            <td fd-view=\"table_td\" class=\"fd-view-drag-in\" style=\"width:25%;\">\n                <table fd-move=\"\" fd-view=\"label_input\" id=\"v_label_input\" class=\"move\">\n                    <tbody>\n                        <tr>\n                            <td fd-view=\"table_td\" class=\"\"><span contenteditable=\"true\" fd-view=\"label\" fd-label=\"\" class=\"\">　姓名1：</span>\n\n                            </td>\n                            <td fd-view=\"table_td\">\n                                <input type=\"text\" class=\"form-control\" fd-view=\"input\" field=\"name\" rules=\"chinese\" required=\"required\" id=\"\" placeholder=\"必须是中文\">\n                            </td>\n                        </tr>\n                    </tbody>\n                </table>\n            </td>\n            <td fd-view=\"table_td\" class=\"fd-view-drag-in\" style=\"width:25%;\">\n                <table fd-move=\"\" fd-view=\"label_input\" id=\"v_label_input\" class=\"move\">\n                    <tbody>\n                        <tr>\n                            <td fd-view=\"table_td\" class=\"\"><span contenteditable=\"true\" fd-view=\"label\" fd-label=\"\" class=\"\" style=\"\">　　 年龄：</span>\n\n                            </td>\n                            <td fd-view=\"table_td\">\n                                <input type=\"text\" class=\"form-control\" fd-view=\"input\" rules=\"number2\" field=\"age\" required=\"required\" placeholder=\"必须是整数\">\n                            </td>\n                        </tr>\n                    </tbody>\n                </table>\n            </td>\n            <td fd-view=\"table_td\" class=\"fd-view-drag-in\" style=\"width:25%;\">\n                \n            </td>\n        </tr>\n        <tr>\n            <td fd-view=\"table_td \" class=\"fd-view-drag-in\" style=\"width:25%; \">\n                <table fd-move=\" \" fd-view=\"label_input \" id=\"v_label_input \" class=\"move\">\n                    <tbody>\n                        <tr>\n                            <td fd-view=\"table_td\"><span contenteditable=\"true\" fd-view=\"label\" fd-label=\"\" class=\"\">手机号：</span>\n\n                            </td>\n                            <td fd-view=\"table_td\">\n                                <input type=\"text\" class=\"form-control\" fd-view=\"input\" field=\"mobile\" required=\"required\" rules=\"mobile\" placeholder=\"11位手机号\">\n                            </td>\n                        </tr>\n                    </tbody>\n                </table>\n            </td>\n            <td fd-view=\"table_td\" class=\"fd-view-drag-in\" style=\"width:25%; \" colspan=\"2\"><span contenteditable=\"true\" fd-view=\"label\" id=\"v_label\" class=\"\">出生日期：</span>\n\n                <input type=\"text\" class=\"form-control datepicker inline\" fd-view=\"datepicker\" id=\"v_datepicker\" style=\"width:250px\" data-date-format=\"yyyy年mm月dd日\" field=\"birthday\" required=\"required\" placeholder=\"yyyy年mm月dd日\">\n            </td>\n        </tr>\n        <tr>\n            <td fd-view=\"table_td\" class=\"fd-view-drag-in\" style=\"width:25%; \" colspan=\"3 \">\n                <table fd-move=\" \" fd-view=\"label_textarea\" id=\"v_label_textarea \" width=\"100% \" class=\"move\" style=\"text-align: left;\">\n                    <tbody>\n                        <tr>\n                            <td fd-view=\"table_td\" style=\"min-width: 5%; width: 50px;\" class=\"\"><span contenteditable=\"true\" fd-view=\"label\" fd-label=\"\" class=\"\">住址：</span>\n\n                            </td>\n                            <td fd-view=\"table_td\">\n                                <textarea class=\"form-control\" fd-view=\"textarea\" style=\"width: 100%; margin-top: 0px; margin-bottom: 0px; height: 54px;\" field=\"address\" placeholder=\"现居地址\"></textarea>\n                            </td>\n                        </tr>\n                    </tbody>\n                </table>\n            </td>\n        </tr><tr>\n            <td fd-view=\"table_td\" class=\"fd-view-drag-in\" style=\"width:25%; \" colspan=\"3 \"><table fd-move=\"\" fd-view=\"label_textarea\" id=\"v_label_textarea\" class=\"move\">\n                    <tbody>\n                        <tr>\n                            <td fd-view=\"table_td\" class=\"\"><span contenteditable=\"true\" fd-view=\"label\" fd-label=\"\" class=\"\">性别：</span>\n\n                            </td>\n                            <td fd-view=\"table_td\">\n                                <select class=\"form-control\" fd-view=\"select\" field=\"sex\">\n                                    <option value=\"男 \" selected=\"selected \">男</option>\n                                    <option value=\"女 \">女</option>\n                                </select>\n                            </td>\n                        </tr>\n                    </tbody>\n                </table></td>\n        </tr>\n    </tbody>\n</table>\n<div class=\"row\" contenteditable=\"true\" fd-view=\"dynamicPanel\" id=\"v_cynamicPanel\" css_align=\"\" \":\"left=\"\" \"}\"=\"\" style=\"text-align: left;\">\n    <div class=\"p10\">\n        <div id=\"header\" class=\"bordered\">其他信息\n            <div class=\"pull-right\"><a href=\"javascript:;\" id=\"handler\" style=\"cursor: pointer;\"><i class=\"ti-plus\"></i> 添加</a>\n            </div>\n        </div>\n        <div id=\"content\" class=\"bl br bb p10\">\n            <div class=\"item mb5\">\n                <table style=\"width:100%\">\n                    <tbody>\n                        <tr>\n                            <td style=\"width:99%\">\n                                <div class=\"fd-view-drag-in\">\n                                    <table fd-move=\"\" fd-view=\"label_input\" id=\"v_label_input\" style=\"width:100%\" class=\"move\">\n                                        <tbody>\n                                            <tr>\n                                                <td fd-view=\"table_td\"></td>\n                                                <td fd-view=\"table_td\"></td>\n                                                <td fd-view=\"table_td\"></td>\n                                            </tr>\n                                        </tbody>\n                                    </table>\n                                    <table id=\"v_table\" fd-view=\"table\" class=\"table table-bordered\" style=\"width:100%\" \":\"width:100%=\"\" \"}\"=\"\">\n                                        <tbody>\n                                            <tr>\n                                                <td fd-view=\"table_td\" class=\"fd-view-drag-in\" style=\"width:50%\" \":\"width:50%=\"\" \",\"css_padding=\"\" \":\"8px=\"\" \"}\"=\"\">\n                                                    <table fd-move=\"\" fd-view=\"label_input\" id=\"v_label_input\" style=\"width:100%\" class=\"move\">\n                                                        <tbody>\n                                                            <tr>\n                                                                <td fd-view=\"table_td\" style=\"min-width: 5%; width: 60px;\" class=\"\" css_width=\"\" \":\"60px=\"\" \"}\"=\"\"><span contenteditable=\"true\" fd-view=\"label\" fd-label=\"\" class=\"\" css_width=\"\" \":\"60px=\"\" \"}\"=\"\" style=\"width: 60px;\">联系人：</span>\n                                                                </td>\n                                                                <td fd-view=\"table_td\">\n                                                                    <input type=\"text\" class=\"form-control\" fd-view=\"input\" field=\"wf_form_children.data_0\" \":\"wf_form_children.data_0=\"\" \",\"required=\"\" \":\"true=\"\" \",\"rules=\"\" \":[\"chinese=\"\" \"]}\"=\"\" required=\"required\" rules=\"chinese\">\n                                                                </td>\n                                                            </tr>\n                                                        </tbody>\n                                                    </table>\n                                                </td>\n                                                <td fd-view=\"table_td\" class=\"fd-view-drag-in\" style=\"width:50%\" \":\"width:50%=\"\" \"}\"=\"\">\n                                                    <table fd-move=\"\" fd-view=\"label_input\" id=\"v_label_input\" style=\"width:100%\" class=\"move\">\n                                                        <tbody>\n                                                            <tr>\n                                                                <td fd-view=\"table_td\" style=\"min-width: 5%; width: 60px;\" class=\"\" css_width=\"\" \":\"60px=\"\" \"}\"=\"\"><span contenteditable=\"true\" fd-view=\"label\" fd-label=\"\" class=\"\">电话：</span>\n                                                                </td>\n                                                                <td fd-view=\"table_td\">\n                                                                    <input type=\"text\" class=\"form-control\" fd-view=\"input\" field=\"wf_form_children.data_1\" \":\"wf_form_children.data_1=\"\" \",\"required=\"\" \":\"true=\"\" \",\"rules=\"\" \":[\"mobile=\"\" \"]}\"=\"\" required=\"required\" rules=\"mobile\">\n                                                                </td>\n                                                                <td fd-view=\"table_td\"></td>\n                                                            </tr>\n                                                        </tbody>\n                                                    </table>\n                                                </td>\n                                            </tr>\n                                        </tbody>\n                                    </table>\n                                </div>\n                            </td>\n                            <td>	<a id=\"closer\" class=\"hide\" style=\"cursor: pointer;\"><i class=\"ti-close\"></i> </a>\n\n                            </td>\n                        </tr>\n                    </tbody>\n                </table>\n            </div>\n        </div>\n    </div>\n</div>\n<button type=\"submit\" class=\"btn btn-default btn-block\" fd-view=\"submit\" id=\"v_submit\" style=\"margin: 10px;\">立即保存</button></div>','<form action=\"#formAction#\" method=\"post\" onsubmit=\"return fd.run.submit(this)\">\n <input type=\"hidden\" name=\"$formId\" value=\"#tid#\" />\n <div class=\"containers fd-view-drag-in\">\n  <div id=\"v_formtitle\" fd-view=\"formtitle\" class=\"bb h4 pb5\" style=\"text-align: center;\">\n   人员信息\n  </div> \n  <table id=\"v_table\" fd-view=\"table\" class=\"table table-bordered\"> \n   <tbody> \n    <tr> \n     <td fd-view=\"table_td\" class=\"fd-view-drag-in\" style=\"width:25%;\"> \n      <table fd-view=\"label_input\" id=\"v_label_input\" class=\"move\"> \n       <tbody> \n        <tr> \n         <td fd-view=\"table_td\" class=\"\"><span fd-view=\"label\" fd-label=\"\" class=\"\">　姓名1：</span> </td> \n         <td fd-view=\"table_td\"> <input type=\"text\" class=\"form-control\" fd-view=\"input\" name=\"name\" rules=\"chinese\" required=\"required\" id=\"\" placeholder=\"必须是中文\" /> </td> \n        </tr> \n       </tbody> \n      </table> </td> \n     <td fd-view=\"table_td\" class=\"fd-view-drag-in\" style=\"width:25%;\"> \n      <table fd-view=\"label_input\" id=\"v_label_input\" class=\"move\"> \n       <tbody> \n        <tr> \n         <td fd-view=\"table_td\" class=\"\"><span fd-view=\"label\" fd-label=\"\" class=\"\" style=\"\">　　 年龄：</span> </td> \n         <td fd-view=\"table_td\"> <input type=\"text\" class=\"form-control\" fd-view=\"input\" rules=\"number2\" name=\"age\" required=\"required\" placeholder=\"必须是整数\" /> </td> \n        </tr> \n       </tbody> \n      </table> </td> \n     <td fd-view=\"table_td\" class=\"fd-view-drag-in\" style=\"width:25%;\"> </td> \n    </tr> \n    <tr> \n     <td fd-view=\"table_td \" class=\"fd-view-drag-in\" style=\"width:25%; \"> \n      <table fd-view=\"label_input \" id=\"v_label_input \" class=\"move\"> \n       <tbody> \n        <tr> \n         <td fd-view=\"table_td\"><span fd-view=\"label\" fd-label=\"\" class=\"\">手机号：</span> </td> \n         <td fd-view=\"table_td\"> <input type=\"text\" class=\"form-control\" fd-view=\"input\" name=\"mobile\" required=\"required\" rules=\"mobile\" placeholder=\"11位手机号\" /> </td> \n        </tr> \n       </tbody> \n      </table> </td> \n     <td fd-view=\"table_td\" class=\"fd-view-drag-in\" style=\"width:25%; \" colspan=\"2\"><span fd-view=\"label\" id=\"v_label\" class=\"\">出生日期：</span> <input type=\"text\" class=\"form-control datepicker inline\" fd-view=\"datepicker\" id=\"v_datepicker\" style=\"width:250px\" data-date-format=\"yyyy年mm月dd日\" name=\"birthday\" required=\"required\" placeholder=\"yyyy年mm月dd日\" /> </td> \n    </tr> \n    <tr> \n     <td fd-view=\"table_td\" class=\"fd-view-drag-in\" style=\"width:25%; \" colspan=\"3 \"> \n      <table fd-view=\"label_textarea\" id=\"v_label_textarea \" width=\"100% \" class=\"move\" style=\"text-align: left;\"> \n       <tbody> \n        <tr> \n         <td fd-view=\"table_td\" style=\"min-width: 5%; width: 50px;\" class=\"\"><span fd-view=\"label\" fd-label=\"\" class=\"\">住址：</span> </td> \n         <td fd-view=\"table_td\"> <textarea class=\"form-control\" fd-view=\"textarea\" style=\"width: 100%; margin-top: 0px; margin-bottom: 0px; height: 54px;\" name=\"address\" placeholder=\"现居地址\"></textarea> </td> \n        </tr> \n       </tbody> \n      </table> </td> \n    </tr>\n    <tr> \n     <td fd-view=\"table_td\" class=\"fd-view-drag-in\" style=\"width:25%; \" colspan=\"3 \">\n      <table fd-view=\"label_textarea\" id=\"v_label_textarea\" class=\"move\"> \n       <tbody> \n        <tr> \n         <td fd-view=\"table_td\" class=\"\"><span fd-view=\"label\" fd-label=\"\" class=\"\">性别：</span> </td> \n         <td fd-view=\"table_td\"> <select class=\"form-control\" fd-view=\"select\" name=\"sex\"> <option value=\"男 \" selected=\"selected \">男</option> <option value=\"女 \">女</option> </select> </td> \n        </tr> \n       </tbody> \n      </table></td> \n    </tr> \n   </tbody> \n  </table> \n  <div class=\"row\" fd-view=\"dynamicPanel\" id=\"v_cynamicPanel\" css_align=\"\" \":\"left=\"\" \"}\"=\"\" style=\"text-align: left;\"> \n   <div class=\"p10\"> \n    <div id=\"header\" class=\"bordered\">\n     其他信息 \n     <div class=\"pull-right\">\n      <a href=\"javascript:;\" id=\"handler\" style=\"cursor: pointer;\"><i class=\"ti-plus\"></i> 添加</a> \n     </div> \n    </div> \n    <div id=\"content\" class=\"bl br bb p10\"> \n     <div class=\"item mb5\"> \n      <table style=\"width:100%\"> \n       <tbody> \n        <tr> \n         <td style=\"width:99%\"> \n          <div class=\"fd-view-drag-in\"> \n           <table fd-view=\"label_input\" id=\"v_label_input\" style=\"width:100%\" class=\"move\"> \n            <tbody> \n             <tr> \n              <td fd-view=\"table_td\"></td> \n              <td fd-view=\"table_td\"></td> \n              <td fd-view=\"table_td\"></td> \n             </tr> \n            </tbody> \n           </table> \n           <table id=\"v_table\" fd-view=\"table\" class=\"table table-bordered\" style=\"width:100%\" \":\"width:100%=\"\" \"}\"=\"\"> \n            <tbody> \n             <tr> \n              <td fd-view=\"table_td\" class=\"fd-view-drag-in\" style=\"width:50%\" \":\"width:50%=\"\" \",\"css_padding=\"\" \":\"8px=\"\" \"}\"=\"\"> \n               <table fd-view=\"label_input\" id=\"v_label_input\" style=\"width:100%\" class=\"move\"> \n                <tbody> \n                 <tr> \n                  <td fd-view=\"table_td\" style=\"min-width: 5%; width: 60px;\" class=\"\" css_width=\"\" \":\"60px=\"\" \"}\"=\"\"><span fd-view=\"label\" fd-label=\"\" class=\"\" css_width=\"\" \":\"60px=\"\" \"}\"=\"\" style=\"width: 60px;\">联系人：</span> </td> \n                  <td fd-view=\"table_td\"> <input type=\"text\" class=\"form-control\" fd-view=\"input\" name=\"wf_form_children.data_0\" \":\"wf_form_children.data_0=\"\" \",\"required=\"\" \":\"true=\"\" \",\"rules=\"\" \":[\"chinese=\"\" \"]}\"=\"\" required=\"required\" rules=\"chinese\" /> </td> \n                 </tr> \n                </tbody> \n               </table> </td> \n              <td fd-view=\"table_td\" class=\"fd-view-drag-in\" style=\"width:50%\" \":\"width:50%=\"\" \"}\"=\"\"> \n               <table fd-view=\"label_input\" id=\"v_label_input\" style=\"width:100%\" class=\"move\"> \n                <tbody> \n                 <tr> \n                  <td fd-view=\"table_td\" style=\"min-width: 5%; width: 60px;\" class=\"\" css_width=\"\" \":\"60px=\"\" \"}\"=\"\"><span fd-view=\"label\" fd-label=\"\" class=\"\">电话：</span> </td> \n                  <td fd-view=\"table_td\"> <input type=\"text\" class=\"form-control\" fd-view=\"input\" name=\"wf_form_children.data_1\" \":\"wf_form_children.data_1=\"\" \",\"required=\"\" \":\"true=\"\" \",\"rules=\"\" \":[\"mobile=\"\" \"]}\"=\"\" required=\"required\" rules=\"mobile\" /> </td> \n                  <td fd-view=\"table_td\"></td> \n                 </tr> \n                </tbody> \n               </table> </td> \n             </tr> \n            </tbody> \n           </table> \n          </div> </td> \n         <td> <a id=\"closer\" class=\"hide\" style=\"cursor: pointer;\"><i class=\"ti-close\"></i> </a> </td> \n        </tr> \n       </tbody> \n      </table> \n     </div> \n    </div> \n   </div> \n  </div> \n  <button type=\"submit\" class=\"btn btn-default btn-block\" fd-view=\"submit\" id=\"v_submit\" style=\"margin: 10px;\">立即保存</button>\n </div>\n</form>','2.0','superadmin','2015-06-19 15:47:45'),
	('402881ee54a29b8b0154a2c6cc1b000b','测试表单1',NULL,'bi_test1','bi_test1','<div class=\"containers fd-view-drag-in\"><div id=\"v_formtitle\" fd-view=\"formtitle\" class=\"bb h4\" style=\"text-align: center;\">表单A</div><div class=\"row\" contenteditable=\"true\" fd-view=\"col12\" id=\"v_col12\" style=\"padding: 0px 0px 5px;\">\n													<div class=\"col-md-12 fd-view-drag-in fd-view-bordered\"><table fd-move=\"\" fd-view=\"label_input\" id=\"v_label_input\" style=\"width:100%\">\n													<tbody><tr>\n														<td fd-view=\"table_td\" style=\"min-width:5%;width:8%\" class=\"\"><span contenteditable=\"true\" fd-view=\"label\" fd-label=\"\">姓名：</span></td>\n														<td fd-view=\"table_td\"><input type=\"text\" class=\"form-control\" fd-view=\"input\" field=\"name\" required=\"required\" rules=\"none\"></td>\n													</tr>\n												</tbody></table></div>\n												</div><div class=\"row\" contenteditable=\"true\" fd-view=\"col12\" id=\"v_col12\">\n													<div class=\"col-md-12 fd-view-drag-in fd-view-bordered\"><table fd-move=\"\" fd-view=\"label_textarea\" id=\"v_label_textarea\" style=\"width:100%\">\n													<tbody><tr>\n														<td fd-view=\"table_td\" style=\"min-width:5%;width:8%\" class=\"\"><span contenteditable=\"true\" fd-view=\"label\" fd-label=\"\" class=\"\">性别：</span></td>\n														<td fd-view=\"table_td\"><select class=\"form-control\" fd-view=\"select\" \"=\"\" field=\"sex\"><option value=\"男\" selected=\"selected\">男</option><option value=\"女\">女</option></select></td>\n													</tr>\n												</tbody></table></div>\n												</div></div>','<form action=\"#formAction#\" method=\"post\" onsubmit=\"return fd.run.submit(this)\">\n <input type=\"hidden\" name=\"$formId\" value=\"#tid#\">\n <div class=\"containers fd-view-drag-in\">\n  <div id=\"v_formtitle\" fd-view=\"formtitle\" class=\"bb h4\" style=\"text-align: center;\">\n   表单A\n  </div>\n  <div class=\"row\" fd-view=\"col12\" id=\"v_col12\" style=\"padding: 0px 0px 5px;\"> \n   <div class=\"col-md-12 fd-view-drag-in fd-view-bordered\">\n    <table fd-view=\"label_input\" id=\"v_label_input\" style=\"width:100%\"> \n     <tbody>\n      <tr> \n       <td fd-view=\"table_td\" style=\"min-width:5%;width:8%\" class=\"\"><span fd-view=\"label\" fd-label=\"\">姓名：</span></td> \n       <td fd-view=\"table_td\"><input type=\"text\" class=\"form-control\" fd-view=\"input\" name=\"name\" required rules=\"none\"></td> \n      </tr> \n     </tbody>\n    </table>\n   </div> \n  </div>\n  <div class=\"row\" fd-view=\"col12\" id=\"v_col12\"> \n   <div class=\"col-md-12 fd-view-drag-in fd-view-bordered\">\n    <table fd-view=\"label_textarea\" id=\"v_label_textarea\" style=\"width:100%\"> \n     <tbody>\n      <tr> \n       <td fd-view=\"table_td\" style=\"min-width:5%;width:8%\" class=\"\"><span fd-view=\"label\" fd-label=\"\" class=\"\">性别：</span></td> \n       <td fd-view=\"table_td\"><select class=\"form-control\" fd-view=\"select\" \"=\"\" name=\"sex\"><option value=\"男\" selected>男</option><option value=\"女\">女</option></select></td> \n      </tr> \n     </tbody>\n    </table>\n   </div> \n  </div>\n </div>\n</form>','2.0','superadmin','2016-05-12 10:40:38'),
	('40289f885a46ea03015a46f1940b0001','请假申请单','您的请假申请已提交，请等待审批。',NULL,'wf_form_14872489213681','<div class=\"containers fd-view-drag-in\" tip=\"您的请假申请已提交，请等待审批。\"> \n <div class=\"hide\" id=\"script\"></div> \n <div id=\"v_formtitle\" fd-view=\"\" class=\"bb h4\"> \n  <h4 fd-view=\"formtitle\" class=\"\">请假申请</h4> \n </div> \n <table id=\"v_table\" fd-view=\"label_input\" class=\"table table-bordered\"> \n  <tbody> \n   <tr> \n    <td fd-view=\"table_td\" class=\"fd-view-drag-in\" style=\"width:25%;\"><br><span contenteditable=\"true\" fd-view=\"label\" id=\"v_label\" class=\"\">申请人：</span><span fd-view=\"macros\" class=\"text-primary\" macro=\"user_realname\">{宏控件}</span></td> \n   </tr> \n   <tr> \n    <td fd-view=\"table_td\" class=\"fd-view-drag-in\" style=\"width:25%;\"><br> \n     <table fd-move=\"\" fd-view=\"label_input\" id=\"v_label_input\" style=\"width:100%\"> \n      <tbody> \n       <tr> \n        <td fd-view=\"table_td\" style=\"min-width:5%;width:8%\" class=\"\"><span contenteditable=\"true\" fd-view=\"label\" fd-label=\"\" class=\"\">天数：</span></td> \n        <td fd-view=\"table_td\"><input type=\"number\" class=\"form-control\" fd-view=\"input\" field=\"days\" placeholder=\"请假天数\" name=\"days\"></td> \n       </tr> \n      </tbody> \n     </table></td> \n   </tr> \n   <tr> \n    <td fd-view=\"table_td\" class=\"fd-view-drag-in\" style=\"width:25%;\"> \n     <table fd-move=\"\" fd-view=\"label_textarea\" id=\"v_label_textarea\" style=\"width:100%\"> \n      <tbody> \n       <tr> \n        <td fd-view=\"table_td\" style=\"min-width:5%;width:8%\"><span contenteditable=\"true\" fd-view=\"label\" fd-label=\"\" class=\"\">说明：</span></td> \n        <td fd-view=\"table_td\"><textarea class=\"form-control\" fd-view=\"textarea\" field=\"remarks\" placeholder=\"请假描述\" name=\"remarks\"></textarea></td> \n       </tr> \n      </tbody> \n     </table></td> \n   </tr> \n   <tr> \n   </tr> \n  </tbody> \n </table> \n</div>','<form action=\'#formAction#\' method=\'post\' onsubmit=\'return fd.run.submit(this)\'>\r\n<input type=\'hidden\' name=\'_formId\' value=\'#formId#\'/>\r\n<input type=\'hidden\' name=\'_tid\' value=\'#tid#\'/>\r\n<input type=\'hidden\' name=\'_start\' value=\'#start#\'/>\r\n<input type=\'hidden\' field=\'user_realname\' name=\'user_realname\' value=\'#user_realname#\'/>\r\n<div class=\"containers\" tip=\"您的请假申请已提交，请等待审批。\"> \n <div class=\"hide\"></div> \n <div class=\"bb h4\"> \n  <h4 class=\"\">请假申请</h4> \n </div> \n <table class=\"table table-bordered\"> \n  <tbody> \n   <tr> \n    <td class=\"\" style=\"width:25%;\"><br><span class=\"\">申请人：</span><span class=\"macro text-primary\" style=\"\">#user_realname#</span></td> \n   </tr> \n   <tr> \n    <td class=\"\" style=\"width:25%;\"><br> \n     <table style=\"width:100%\"> \n      <tbody> \n       <tr> \n        <td style=\"min-width:5%;width:8%\" class=\"\"><span class=\"\">天数：</span></td> \n        <td><input type=\"number\" class=\"form-control\" placeholder=\"请假天数\" name=\"days\"></td> \n       </tr> \n      </tbody> \n     </table></td> \n   </tr> \n   <tr> \n    <td class=\"\" style=\"width:25%;\"> \n     <table style=\"width:100%\"> \n      <tbody> \n       <tr> \n        <td style=\"min-width:5%;width:8%\"><span class=\"\">说明：</span></td> \n        <td><textarea class=\"form-control\" placeholder=\"请假描述\" name=\"remarks\"></textarea></td> \n       </tr> \n      </tbody> \n     </table></td> \n   </tr> \n   <tr> \n   </tr> \n  </tbody> \n </table> \n</div></form>','1.0','superadmin','2017-02-17 15:51:02'),
	('4028b88158cd06060158cdb1a444001d','气泡数据录入',NULL,'bi_test2','bi_test2','<div class=\"containers fd-view-drag-in\">\n							<div class=\"hide\" id=\"script\"></div>\n						<div id=\"v_formtitle\" fd-view=\"\" class=\"bb h4\"><h4 fd-view=\"formtitle\" class=\"\" style=\"text-align: center;\">气泡图数据录入</h4></div><div class=\"row\" contenteditable=\"true\" fd-view=\"col444\" id=\"v_col444\">\n													<div class=\"col-md-4 fd-view-drag-in fd-view-bordered\"></div>\n													<div class=\"col-md-4 fd-view-drag-in fd-view-bordered\"><table fd-move=\"\" fd-view=\"label_input\" id=\"v_label_input\" style=\"width:100%\">\n													<tbody><tr>\n														<td fd-view=\"table_td\" style=\"min-width:5%;width:8%\"><span contenteditable=\"true\" fd-view=\"label\" fd-label=\"\" class=\"\">X：</span></td>\n														<td fd-view=\"table_td\"><input type=\"text\" class=\"form-control\" fd-view=\"input\" field=\"x\" required=\"required\" rules=\"integer\"></td>\n													</tr>\n												</tbody></table><table fd-move=\"\" fd-view=\"label_input\" id=\"v_label_input\" style=\"width:100%\">\n													<tbody><tr>\n														<td fd-view=\"table_td\" style=\"min-width:5%;width:8%\"><span contenteditable=\"true\" fd-view=\"label\" fd-label=\"\" class=\"\">Y：</span></td>\n														<td fd-view=\"table_td\"><input type=\"text\" class=\"form-control\" fd-view=\"input\" field=\"y\" required=\"required\" rules=\"integer\"></td>\n													</tr>\n												</tbody></table><table fd-move=\"\" fd-view=\"label_input\" id=\"v_label_input\" style=\"width:100%\">\n													<tbody><tr>\n														<td fd-view=\"table_td\" style=\"min-width:5%;width:8%\"><span contenteditable=\"true\" fd-view=\"label\" fd-label=\"\" class=\"\">R：</span></td>\n														<td fd-view=\"table_td\"><input type=\"text\" class=\"form-control\" fd-view=\"input\" field=\"r\" required=\"required\" rules=\"integer\"></td>\n													</tr>\n												</tbody></table></div>\n													<div class=\"col-md-4 fd-view-drag-in fd-view-bordered\"></div>\n												</div></div>','<form action=\"#formAction#\" method=\"post\" onsubmit=\"return fd.run.submit(this)\">\n <input type=\"hidden\" name=\"$formId\" value=\"#tid#\">\n <div class=\"containers fd-view-drag-in\"> \n  <div class=\"hide\" id=\"script\"></div> \n  <div id=\"v_formtitle\" fd-view=\"\" class=\"bb h4\">\n   <h4 fd-view=\"formtitle\" class=\"\" style=\"text-align: center;\">气泡图数据录入</h4>\n  </div>\n  <div class=\"row\" fd-view=\"col444\" id=\"v_col444\"> \n   <div class=\"col-md-4 fd-view-drag-in fd-view-bordered\"></div> \n   <div class=\"col-md-4 fd-view-drag-in fd-view-bordered\">\n    <table fd-view=\"label_input\" id=\"v_label_input\" style=\"width:100%\"> \n     <tbody>\n      <tr> \n       <td fd-view=\"table_td\" style=\"min-width:5%;width:8%\"><span fd-view=\"label\" fd-label=\"\" class=\"\">X：</span></td> \n       <td fd-view=\"table_td\"><input type=\"text\" class=\"form-control\" fd-view=\"input\" name=\"x\" required rules=\"integer\"></td> \n      </tr> \n     </tbody>\n    </table>\n    <table fd-view=\"label_input\" id=\"v_label_input\" style=\"width:100%\"> \n     <tbody>\n      <tr> \n       <td fd-view=\"table_td\" style=\"min-width:5%;width:8%\"><span fd-view=\"label\" fd-label=\"\" class=\"\">Y：</span></td> \n       <td fd-view=\"table_td\"><input type=\"text\" class=\"form-control\" fd-view=\"input\" name=\"y\" required rules=\"integer\"></td> \n      </tr> \n     </tbody>\n    </table>\n    <table fd-view=\"label_input\" id=\"v_label_input\" style=\"width:100%\"> \n     <tbody>\n      <tr> \n       <td fd-view=\"table_td\" style=\"min-width:5%;width:8%\"><span fd-view=\"label\" fd-label=\"\" class=\"\">R：</span></td> \n       <td fd-view=\"table_td\"><input type=\"text\" class=\"form-control\" fd-view=\"input\" name=\"r\" required rules=\"integer\"></td> \n      </tr> \n     </tbody>\n    </table>\n   </div> \n   <div class=\"col-md-4 fd-view-drag-in fd-view-bordered\"></div> \n  </div>\n </div>\n</form>','2.0','superadmin','2016-12-05 14:35:23');

/*!40000 ALTER TABLE `bi_form` ENABLE KEYS */;
UNLOCK TABLES;


# Dump of table bi_form_children
# ------------------------------------------------------------

DROP TABLE IF EXISTS `bi_form_children`;

CREATE TABLE `bi_form_children` (
  `id` int(11) NOT NULL AUTO_INCREMENT,
  `fid` int(11) DEFAULT NULL COMMENT '外键ID',
  `data_0` varchar(50) DEFAULT NULL COMMENT '姓名',
  `data_1` varchar(50) DEFAULT NULL COMMENT '电话',
  UNIQUE KEY `id` (`id`)
) ENGINE=InnoDB DEFAULT CHARSET=utf8 CHECKSUM=1 DELAY_KEY_WRITE=1 ROW_FORMAT=DYNAMIC COMMENT='人员信息 - 子表';

LOCK TABLES `bi_form_children` WRITE;
/*!40000 ALTER TABLE `bi_form_children` DISABLE KEYS */;

INSERT INTO `bi_form_children` (`id`, `fid`, `data_0`, `data_1`)
VALUES
	(12,18,'李四','18955185893'),
	(13,18,'王五','15655157817'),
	(14,18,'赵六','15655157817');

/*!40000 ALTER TABLE `bi_form_children` ENABLE KEYS */;
UNLOCK TABLES;


# Dump of table bi_form_parent_ext
# ------------------------------------------------------------

DROP TABLE IF EXISTS `bi_form_parent_ext`;

CREATE TABLE `bi_form_parent_ext` (
  `id` int(11) NOT NULL AUTO_INCREMENT,
  `columnType` varchar(100) NOT NULL COMMENT '字段类型',
  `columnName` varchar(100) NOT NULL COMMENT '扩展字段',
  `comments` varchar(500) DEFAULT NULL COMMENT '字段描述',
  PRIMARY KEY (`id`)
) ENGINE=InnoDB DEFAULT CHARSET=utf8;

LOCK TABLES `bi_form_parent_ext` WRITE;
/*!40000 ALTER TABLE `bi_form_parent_ext` DISABLE KEYS */;

INSERT INTO `bi_form_parent_ext` (`id`, `columnType`, `columnName`, `comments`)
VALUES
	(3,'varchar','ext1','扩展1'),
	(5,'varchar','ext3','扩展3');

/*!40000 ALTER TABLE `bi_form_parent_ext` ENABLE KEYS */;
UNLOCK TABLES;


# Dump of table bi_form_parent_ext_val
# ------------------------------------------------------------

DROP TABLE IF EXISTS `bi_form_parent_ext_val`;

CREATE TABLE `bi_form_parent_ext_val` (
  `id` int(11) NOT NULL AUTO_INCREMENT,
  `pid` int(11) NOT NULL COMMENT '主表数据ID',
  `columnName` varchar(100) NOT NULL COMMENT '扩展字段',
  `columnVal` varchar(1000) DEFAULT NULL COMMENT '扩展字段值',
  PRIMARY KEY (`id`)
) ENGINE=InnoDB DEFAULT CHARSET=utf8;



# Dump of table bi_report
# ------------------------------------------------------------

DROP TABLE IF EXISTS `bi_report`;

CREATE TABLE `bi_report` (
  `id` varchar(32) NOT NULL,
  `name` varchar(50) NOT NULL COMMENT '报表名称',
  `descript` varchar(200) DEFAULT NULL COMMENT '描述',
  `source` text COMMENT '源码',
  `content` text COMMENT '生成代码',
  `createUser` varchar(32) NOT NULL COMMENT '创建人',
  `createTime` varchar(20) NOT NULL COMMENT '创建时间',
  PRIMARY KEY (`id`)
) ENGINE=InnoDB DEFAULT CHARSET=utf8;

LOCK TABLES `bi_report` WRITE;
/*!40000 ALTER TABLE `bi_report` DISABLE KEYS */;

INSERT INTO `bi_report` (`id`, `name`, `descript`, `source`, `content`, `createUser`, `createTime`)
VALUES
	('40289f395935cd44015935d7886b0002','报表1','测试用','<table id=\"40289f395935cd44015935d7886b0002\" class=\"table table-bordered\" contenteditable=\"true\">\n                                                                                        <tbody><tr>\n                                                                                                <td class=\"rownum\" style=\"text-align: center;\" contenteditable=\"false\"></td>\n                                                                                                <td class=\"colnum\" style=\"text-align: center; cursor: default;\" contenteditable=\"false\" width=\"166\">A</td>\n                                                                                                <td class=\"colnum\" style=\"text-align: center; cursor: default;\" contenteditable=\"false\">B</td>\n                                                                                                \n                                                                                                \n                                                                                            </tr>\n                                                                                        <tr><td contenteditable=\"false\" class=\"rownum\">1</td><td class=\"\" colspan=\"2\" style=\"text-align: center; font-weight: bold;\">人员信息表</td></tr><tr><td contenteditable=\"false\" class=\"rownum\">2</td><td class=\"\">姓名</td><td class=\"\">性别</td></tr><tr>\n                                                                                                <td class=\"rownum\" ds=\"4028b88158af03570158af47b68e000b\" code=\"id\" arrow=\"down\" contenteditable=\"false\">3</td>\n                                                                                                <td class=\"\" ds=\"4028b88158af03570158af47b68e000b\" code=\"name\" arrow=\"down\" width=\"166\" data-binder=\"true\" style=\"font-weight: normal;\"><div class=\"debug\">#name-&gt;down#</div></td>\n                                                                                                <td class=\"\" ds=\"4028b88158af03570158af47b68e000b\" code=\"sex\" arrow=\"down\" data-binder=\"true\"><div class=\"debug\">#sex-&gt;down#</div></td>\n                                                                                                \n                                                                                                \n                                                                                            </tr>\n                                                                                        <tr>\n                                                                                                <td contenteditable=\"false\" class=\"rownum\">4</td>\n                                                                                                <td class=\"\" style=\"background-color: rgb(255, 255, 255);\" width=\"166\"><br></td>\n                                                                                                <td class=\"\"><br></td>\n                                                                                                \n                                                                                                \n                                                                                            </tr>\n                                                                                        <tr>\n                                                                                                <td contenteditable=\"false\" class=\"rownum\">5</td>\n                                                                                                <td width=\"166\" class=\"\"><br></td>\n                                                                                                <td class=\"formula\" formula=\"count(A3+)\"><br></td>\n                                                                                                \n                                                                                                \n                                                                                            </tr>\n                                                                                    </tbody></table>','<table id=\"40289f395935cd44015935d7886b0002\" class=\"table table-bordered\">\n                                                                                        <tbody>\n                                                                                        <tr><td colspan=\"2\" style=\"text-align: center; font-weight: bold;\">人员信息表</td></tr><tr><td>姓名</td><td>性别</td></tr><tr>\n                                                                                                \n                                                                                                <td ds=\"4028b88158af03570158af47b68e000b\" code=\"name\" arrow=\"down\" width=\"166\" data-binder=\"true\" style=\"font-weight: normal;\"><br></td>\n                                                                                                <td ds=\"4028b88158af03570158af47b68e000b\" code=\"sex\" arrow=\"down\" data-binder=\"true\"><br></td>\n                                                                                                \n                                                                                                \n                                                                                            </tr>\n                                                                                        <tr>\n                                                                                                \n                                                                                                <td style=\"background-color: rgb(255, 255, 255);\" width=\"166\"><br></td>\n                                                                                                <td><br></td>\n                                                                                                \n                                                                                                \n                                                                                            </tr>\n                                                                                        <tr>\n                                                                                                \n                                                                                                <td width=\"166\"><br></td>\n                                                                                                <td formula=\"count(A3+)\"><br></td>\n                                                                                                \n                                                                                                \n                                                                                            </tr>\n                                                                                    </tbody></table>','超级管理员','2016-12-25 19:57:14'),
	('4028b88159780b930159780c7ae30001','统计表-测试1','用于测试统计功能：合计，平均数等','<table id=\"4028b88159780b930159780c7ae30001\" class=\"table table-bordered\" contenteditable=\"true\">\n                                                                                        <tbody><tr><td contenteditable=\"false\" class=\"rownum\"><br></td><td class=\"colnum\" contenteditable=\"false\" style=\"cursor: s-resize;\">A</td><td contenteditable=\"false\" class=\"colnum\" style=\"cursor: s-resize;\">B</td><td contenteditable=\"false\" class=\"colnum\" style=\"cursor: default;\">C</td><td contenteditable=\"false\" class=\"colnum\" style=\"cursor: col-resize;\">D</td><td contenteditable=\"false\" class=\"colnum\" style=\"cursor: s-resize;\">E</td><td contenteditable=\"false\" class=\"colnum\" style=\"cursor: col-resize;\">F</td><td contenteditable=\"false\" class=\"colnum\" style=\"cursor: default;\">G</td><td contenteditable=\"false\" class=\"colnum\">H</td><td contenteditable=\"false\" class=\"colnum\" style=\"cursor: default;\">I</td><td contenteditable=\"false\" class=\"colnum\" style=\"cursor: default;\">J</td><td contenteditable=\"false\" class=\"colnum\" style=\"cursor: default;\">K</td></tr><tr>\n                                                                                                <td contenteditable=\"false\" class=\"rownum\">1</td><td class=\"\" style=\"text-align: center;\"><b>日期</b></td><td class=\"\" style=\"text-align: left;\"><b>数据1-1</b></td>\n                                                                                                <td class=\"\" style=\"text-align: left;\"><b>数据1-2</b></td>\n                                                                                                <td class=\"\" style=\"text-align: left;\"><b>数据2-1</b></td>\n                                                                                                <td class=\"\" style=\"text-align: left;\"><b>数据2-2</b></td><td class=\"\" style=\"text-align: left;\"><b>数据3-1</b></td><td class=\"\" style=\"text-align: left;\"><b>数据3-2</b></td><td class=\"\" style=\"text-align: left;\"><b>数据4-1</b></td><td class=\"\" style=\"text-align: left;\"><b>数据4-2</b></td><td class=\"\" style=\"text-align: left;\"><b>数据5-1</b></td><td class=\"\" style=\"text-align: left;\"><b>数据5-2</b></td>\n                                                                                            </tr>\n                                                                                        <tr>\n                                                                                                <td contenteditable=\"false\" class=\"rownum\">2</td><td class=\"\" ds=\"4028b8815977f53a01597805e6290001\" code=\"day\" arrow=\"down\" data-binder=\"true\" style=\"text-align: center; font-weight: bold; font-style: normal; font-size: 13px;\">#day-&gt;down#</td>\n                                                                                                <td class=\"\" ds=\"4028b8815977f53a01597805e6290001\" code=\"c1_1\" arrow=\"down\" data-binder=\"true\" condition-symbo=\">\" condition-value=\"60\" condition-type=\"color\" condition-color=\"#00FF00\" condition-target=\"cell\">#c1_1-&gt;down#</td>\n                                                                                                <td class=\"\" ds=\"4028b8815977f53a01597805e6290001\" code=\"c1_2\" arrow=\"down\" data-binder=\"true\" condition-symbo=\"<\" condition-value=\"1000\" condition-type=\"backgroundColor\" condition-color=\"#FF0000\" condition-target=\"row\">#c1_2-&gt;down#</td>\n                                                                                                <td class=\"\" ds=\"4028b8815977f53a01597805e6290001\" code=\"c2_1\" arrow=\"down\" data-binder=\"true\" condition-symbo=\"==\" condition-value=\"0\" condition-type=\"borderColor\" condition-color=\"#FFFF00\" condition-target=\"cell\">#c2_1-&gt;down#</td>\n                                                                                                <td class=\"\" ds=\"4028b8815977f53a01597805e6290001\" code=\"c2_2\" arrow=\"down\" data-binder=\"true\"><div class=\"debug\">#c2_2-&gt;down#</div></td><td class=\"\" ds=\"4028b8815977f53a01597805e6290001\" code=\"c3_1\" arrow=\"down\" data-binder=\"true\">#c3_1-&gt;down#</td><td class=\"\" ds=\"4028b8815977f53a01597805e6290001\" code=\"c3_2\" arrow=\"down\" data-binder=\"true\">#c3_2-&gt;down#</td><td class=\"\" ds=\"4028b8815977f53a01597805e6290001\" code=\"c4_1\" arrow=\"down\" data-binder=\"true\">#c4_1-&gt;down#</td><td class=\"\" ds=\"4028b8815977f53a01597805e6290001\" code=\"c4_2\" arrow=\"down\" data-binder=\"true\">#c4_2-&gt;down#</td><td class=\"\" ds=\"4028b8815977f53a01597805e6290001\" code=\"c5_1\" arrow=\"down\" data-binder=\"true\">#c5_1-&gt;down#</td><td class=\"\" ds=\"4028b8815977f53a01597805e6290001\" code=\"c5_1\" arrow=\"down\" data-binder=\"true\">#c5_1-&gt;down#</td>\n                                                                                            </tr>\n                                                                                        \n                                                                                        <tr>\n                                                                                                <td contenteditable=\"false\" class=\"rownum\">3</td><td class=\"\" style=\"text-align: center; font-weight: bold; background-color: rgb(206, 198, 206);\">合计：</td><td class=\"formula\" formula=\"max(B2,B3)\" style=\"font-weight: bold; background-color: rgb(206, 198, 206);\"></td>\n                                                                                                <td class=\"formula\" formula=\"avg(C2+)\" precision=\"2\" style=\"background-color: rgb(206, 198, 206);\"></td>\n                                                                                                <td class=\"formula\" formula=\"count(D2+)\" precision=\"2\" style=\"background-color: rgb(206, 198, 206);\"></td>\n                                                                                                <td class=\"\" formula=\"\" style=\"background-color: rgb(206, 198, 206);\"></td><td class=\"\" formula=\"\" style=\"background-color: rgb(206, 198, 206);\"></td><td class=\"\" style=\"background-color: rgb(206, 198, 206);\"><br></td><td class=\"\" style=\"background-color: rgb(206, 198, 206);\"><br></td><td class=\"\" style=\"background-color: rgb(206, 198, 206);\"><br></td><td class=\"\" style=\"background-color: rgb(206, 198, 206);\"><br></td><td class=\"\" style=\"background-color: rgb(206, 198, 206);\"><br></td>\n                                                                                            </tr>\n                                                                                    </tbody></table>','<table id=\"4028b88159780b930159780c7ae30001\" class=\"table table-bordered\">\n                                                                                        <tbody><tr>\n                                                                                                <td style=\"text-align: center;\"><b>日期</b></td><td style=\"text-align: left;\"><b>数据1-1</b></td>\n                                                                                                <td style=\"text-align: left;\"><b>数据1-2</b></td>\n                                                                                                <td style=\"text-align: left;\"><b>数据2-1</b></td>\n                                                                                                <td style=\"text-align: left;\"><b>数据2-2</b></td><td style=\"text-align: left;\"><b>数据3-1</b></td><td style=\"text-align: left;\"><b>数据3-2</b></td><td style=\"text-align: left;\"><b>数据4-1</b></td><td style=\"text-align: left;\"><b>数据4-2</b></td><td style=\"text-align: left;\"><b>数据5-1</b></td><td style=\"text-align: left;\"><b>数据5-2</b></td>\n                                                                                            </tr>\n                                                                                        <tr>\n                                                                                                <td ds=\"4028b8815977f53a01597805e6290001\" code=\"day\" arrow=\"down\" data-binder=\"true\" style=\"text-align: center; font-weight: bold; font-style: normal; font-size: 13px;\"><br></td>\n                                                                                                <td ds=\"4028b8815977f53a01597805e6290001\" code=\"c1_1\" arrow=\"down\" data-binder=\"true\" condition-symbo=\">\" condition-value=\"60\" condition-type=\"color\" condition-color=\"#00FF00\" condition-target=\"cell\"><br></td>\n                                                                                                <td ds=\"4028b8815977f53a01597805e6290001\" code=\"c1_2\" arrow=\"down\" data-binder=\"true\" condition-symbo=\"<\" condition-value=\"1000\" condition-type=\"backgroundColor\" condition-color=\"#FF0000\" condition-target=\"row\"><br></td>\n                                                                                                <td ds=\"4028b8815977f53a01597805e6290001\" code=\"c2_1\" arrow=\"down\" data-binder=\"true\" condition-symbo=\"==\" condition-value=\"0\" condition-type=\"borderColor\" condition-color=\"#FFFF00\" condition-target=\"cell\"><br></td>\n                                                                                                <td ds=\"4028b8815977f53a01597805e6290001\" code=\"c2_2\" arrow=\"down\" data-binder=\"true\"><br></td><td ds=\"4028b8815977f53a01597805e6290001\" code=\"c3_1\" arrow=\"down\" data-binder=\"true\"><br></td><td ds=\"4028b8815977f53a01597805e6290001\" code=\"c3_2\" arrow=\"down\" data-binder=\"true\"><br></td><td ds=\"4028b8815977f53a01597805e6290001\" code=\"c4_1\" arrow=\"down\" data-binder=\"true\"><br></td><td ds=\"4028b8815977f53a01597805e6290001\" code=\"c4_2\" arrow=\"down\" data-binder=\"true\"><br></td><td ds=\"4028b8815977f53a01597805e6290001\" code=\"c5_1\" arrow=\"down\" data-binder=\"true\"><br></td><td ds=\"4028b8815977f53a01597805e6290001\" code=\"c5_1\" arrow=\"down\" data-binder=\"true\"><br></td>\n                                                                                            </tr>\n                                                                                        \n                                                                                        <tr>\n                                                                                                <td style=\"text-align: center; font-weight: bold; background-color: rgb(206, 198, 206);\">合计：</td><td formula=\"max(B2,B3)\" style=\"font-weight: bold; background-color: rgb(206, 198, 206);\"></td>\n                                                                                                <td formula=\"avg(C2+)\" precision=\"2\" style=\"background-color: rgb(206, 198, 206);\"></td>\n                                                                                                <td formula=\"count(D2+)\" precision=\"2\" style=\"background-color: rgb(206, 198, 206);\"></td>\n                                                                                                <td formula=\"\" style=\"background-color: rgb(206, 198, 206);\"></td><td formula=\"\" style=\"background-color: rgb(206, 198, 206);\"></td><td style=\"background-color: rgb(206, 198, 206);\"><br></td><td style=\"background-color: rgb(206, 198, 206);\"><br></td><td style=\"background-color: rgb(206, 198, 206);\"><br></td><td style=\"background-color: rgb(206, 198, 206);\"><br></td><td style=\"background-color: rgb(206, 198, 206);\"><br></td>\n                                                                                            </tr>\n                                                                                    </tbody></table>','超级管理员','2017-01-07 16:30:00');

/*!40000 ALTER TABLE `bi_report` ENABLE KEYS */;
UNLOCK TABLES;


# Dump of table bi_report_data
# ------------------------------------------------------------

DROP TABLE IF EXISTS `bi_report_data`;

CREATE TABLE `bi_report_data` (
  `id` varchar(32) NOT NULL,
  `reportId` varchar(32) NOT NULL COMMENT '报表ID',
  `dsId` varchar(32) NOT NULL COMMENT '数据源ID',
  PRIMARY KEY (`id`),
  KEY `FK_bi_report_data$bi_report` (`reportId`),
  KEY `FK_bi_report_data$bi_datasource` (`dsId`),
  CONSTRAINT `FK_bi_report_data$bi_datasource` FOREIGN KEY (`dsId`) REFERENCES `bi_datasource` (`id`),
  CONSTRAINT `FK_bi_report_data$bi_report` FOREIGN KEY (`reportId`) REFERENCES `bi_report` (`id`)
) ENGINE=InnoDB DEFAULT CHARSET=utf8;



# Dump of table bi_test1
# ------------------------------------------------------------

DROP TABLE IF EXISTS `bi_test1`;

CREATE TABLE `bi_test1` (
  `id` int(11) NOT NULL AUTO_INCREMENT,
  `name` varchar(20) COLLATE utf8mb4_unicode_ci DEFAULT '',
  `sex` varchar(8) COLLATE utf8mb4_unicode_ci DEFAULT '',
  PRIMARY KEY (`id`)
) ENGINE=InnoDB DEFAULT CHARSET=utf8mb4 COLLATE=utf8mb4_unicode_ci;

LOCK TABLES `bi_test1` WRITE;
/*!40000 ALTER TABLE `bi_test1` DISABLE KEYS */;

INSERT INTO `bi_test1` (`id`, `name`, `sex`)
VALUES
	(1,'A','男'),
	(2,'A','女'),
	(3,'张三','男'),
	(4,'AAAA','男'),
	(5,'Hello','男');

/*!40000 ALTER TABLE `bi_test1` ENABLE KEYS */;
UNLOCK TABLES;


# Dump of table bi_test2
# ------------------------------------------------------------

DROP TABLE IF EXISTS `bi_test2`;

CREATE TABLE `bi_test2` (
  `x` int(11) NOT NULL,
  `y` int(11) NOT NULL,
  `r` int(11) NOT NULL
) ENGINE=InnoDB DEFAULT CHARSET=utf8;

LOCK TABLES `bi_test2` WRITE;
/*!40000 ALTER TABLE `bi_test2` DISABLE KEYS */;

INSERT INTO `bi_test2` (`x`, `y`, `r`)
VALUES
	(20,30,15),
	(40,10,10),
	(45,15,40),
	(1,2,3),
	(1,9,35);

/*!40000 ALTER TABLE `bi_test2` ENABLE KEYS */;
UNLOCK TABLES;


# Dump of table bi_test3
# ------------------------------------------------------------

DROP TABLE IF EXISTS `bi_test3`;

CREATE TABLE `bi_test3` (
  `id` varchar(32) NOT NULL,
  `user_name` varchar(20) DEFAULT NULL,
  `pass_word` varchar(20) DEFAULT NULL,
  `link_url` varchar(20) DEFAULT NULL,
  PRIMARY KEY (`id`)
) ENGINE=InnoDB DEFAULT CHARSET=utf8;



# Dump of table bi_test4
# ------------------------------------------------------------

DROP TABLE IF EXISTS `bi_test4`;

CREATE TABLE `bi_test4` (
  `id` int(11) NOT NULL AUTO_INCREMENT,
  `day` date DEFAULT NULL,
  `c1_1` int(11) DEFAULT NULL,
  `c1_2` decimal(10,2) DEFAULT NULL,
  `c2_1` int(11) DEFAULT NULL,
  `c2_2` decimal(10,2) DEFAULT NULL,
  `c3_1` int(11) DEFAULT NULL,
  `c3_2` decimal(10,2) DEFAULT NULL,
  `c4_1` int(11) DEFAULT NULL,
  `c4_2` decimal(10,2) DEFAULT NULL,
  `c5_1` int(11) DEFAULT NULL,
  `c5_2` decimal(10,2) DEFAULT NULL,
  PRIMARY KEY (`id`)
) ENGINE=InnoDB DEFAULT CHARSET=utf8;

LOCK TABLES `bi_test4` WRITE;
/*!40000 ALTER TABLE `bi_test4` DISABLE KEYS */;

INSERT INTO `bi_test4` (`id`, `day`, `c1_1`, `c1_2`, `c2_1`, `c2_2`, `c3_1`, `c3_2`, `c4_1`, `c4_2`, `c5_1`, `c5_2`)
VALUES
	(1,'2016-11-01',1631,47245.00,8,19.56,726,2140.00,1,0.01,0,0.00),
	(2,'2016-11-02',990,25322.00,22,71.44,367,1680.00,0,0.00,0,0.00),
	(3,'2016-11-03',202,7863.00,11,70.59,204,1710.00,0,0.00,362,755174.91),
	(4,'2016-11-04',117,4213.00,20,143.31,123,1350.00,0,0.00,0,0.00),
	(5,'2016-11-05',182,8736.00,29,220.87,0,0.00,0,0.00,0,0.00),
	(6,'2016-11-06',77,4348.00,14,74.28,0,0.00,0,0.00,0,0.00),
	(7,'2016-11-07',192,66476.00,10,18.95,150,1880.00,0,0.00,0,0.00),
	(8,'2016-11-08',89,4726.10,9,27.09,107,1330.00,0,0.00,0,0.00),
	(9,'2016-11-09',76,15801.00,14,40.45,61,720.00,0,0.00,0,0.00),
	(10,'2016-11-10',71,3541.00,2,8.89,59,630.00,0,0.00,231,198366.19),
	(11,'2016-11-11',51,3608.00,8,25.67,64,680.00,0,0.00,0,0.00),
	(12,'2016-11-12',45,2670.03,6,9.80,0,0.00,0,0.00,0,0.00),
	(13,'2016-11-13',70,0.60,9,35.33,0,0.00,0,0.00,0,0.00),
	(14,'2016-11-14',19,40378.07,2,0.02,0,0.00,0,0.00,0,0.00),
	(15,'2016-11-15',23,746.14,3,0.90,85,1070.00,49,4900.00,0,0.00),
	(16,'2016-11-16',26,1539.11,1,9.99,8,100.00,0,0.00,0,0.00),
	(17,'2016-11-17',42,2859.50,0,0.00,12,180.00,0,0.00,0,0.00),
	(18,'2016-11-18',45,2381.00,1,0.01,28,300.00,0,0.00,137,77478.93),
	(19,'2016-11-19',57,1973.00,0,0.00,0,0.00,0,0.00,0,0.00),
	(20,'2016-11-20',47,22426.00,0,0.00,0,0.00,0,0.00,0,0.00),
	(21,'2016-11-21',31,23168.05,2,8.89,84,1040.00,0,0.00,0,0.00),
	(22,'2016-11-22',25,18303.07,0,0.00,20,220.00,0,0.00,0,0.00),
	(23,'2016-11-23',37,6843.02,1,0.01,14,180.00,0,0.00,0,0.00),
	(24,'2016-11-24',35,54327.00,0,0.00,24,260.00,0,0.00,0,0.00),
	(25,'2016-11-25',20,5218.20,0,0.00,26,270.00,0,0.00,103,78972.68),
	(26,'2016-11-26',43,30226.00,0,0.00,0,0.00,0,0.00,0,0.00),
	(27,'2016-11-27',61,12961.00,1,0.01,0,0.00,0,0.00,0,0.00),
	(28,'2016-11-28',40,66298.11,2,15.54,94,1210.00,0,0.00,0,0.00),
	(29,'2016-11-29',47,2330.40,0,0.00,18,260.00,0,0.00,0,0.00),
	(30,'2016-11-30',20,1055.00,1,5.88,26,340.00,0,0.00,0,0.00);

/*!40000 ALTER TABLE `bi_test4` ENABLE KEYS */;
UNLOCK TABLES;


# Dump of table sys_config
# ------------------------------------------------------------

DROP TABLE IF EXISTS `sys_config`;

CREATE TABLE `sys_config` (
  `id` varchar(50) NOT NULL,
  `k` varchar(255) NOT NULL,
  `v` varchar(255) DEFAULT NULL,
  `enabled` tinyint(1) NOT NULL COMMENT '1启用 0不启用',
  PRIMARY KEY (`id`),
  UNIQUE KEY `k` (`k`)
) ENGINE=InnoDB DEFAULT CHARSET=utf8;

LOCK TABLES `sys_config` WRITE;
/*!40000 ALTER TABLE `sys_config` DISABLE KEYS */;

INSERT INTO `sys_config` (`id`, `k`, `v`, `enabled`)
VALUES
	('8a80868853a692ad0153a6ab86690003','faceRate','0.93',1),
	('8a80868853a692ad0153a6ab86690004','sms.url','http://61.147.98.117:9001/servlet/UserServiceAPI?isLongSms=0&username=17730011432&password=Y2hlbWltaTUyMA&smstype=1&extenno=&method=sendSMS&',1),
	('8a80868853a692ad0153a6ab867b0005','sms.method','POST',1),
	('8a80868853a692ad0153a6ab86860006','sms.field.content','content',1),
	('8a80868853a692ad0153a6ab868f0007','sms.field.mobile','mobile',1),
	('8a80868853a692ad0153a6ab869a0008','sms.encoding','UTF-8',1),
	('8a80868853a692ad0153a6ab869a0009','system.debug','true',1),
	('8a80868853a692ad0153a6ab869a0010','system.app','jrelax-bi',1),
	('8a80868853a692ad0153a6ab869a0011','system.respath',NULL,1),
	('8a80868853a692ad0153a6ab869a0012','system.index.page','index-tabs',1),
	('8a80868853a692ad0153a6ab869a0013','system.file.folder.root','/',1),
	('8a80868853a692ad0153a6ab869a0014','system.page.rows','10',1),
	('8a80868853a692ad0153a6ab869a0015','system.login.title','JRelax-BI',1),
	('8a80868853a692ad0153a6ab869a0016','system.admin.title','JRelax-BI',1),
	('8a80868853a692ad0153a6ab869a0017','upload.folder.root','/resources/upload/',1),
	('8a80868853a692ad0153a6ab869a0018','upload.remote.enabled','false',1),
	('8a80868853a692ad0153a6ab869a0019','upload.remote.rmi','rmi://localhost:10000/fs',1),
	('8a80868853a692ad0153a6ab869a0020','upload.remote.view','http://localhost:8080/jrelax-fs',1),
	('8a80868853a692ad0153a6ab869a0021','cache.memcached.url','192.168.0.109',1),
	('8a80868853a692ad0153a6ab869a0022','cache.memcached.port','11211',1),
	('8a80868853a692ad0153a6ab869a0023','cache.memcached.weight','3',1),
	('8a80868853a692ad0153a6ab869a0024','cache.memcached.initConn','10',1),
	('8a80868853a692ad0153a6ab869a0025','cache.memcached.maxConn','10',1),
	('8a80868853a692ad0153a6ab869a0026','cache.memcached.minConn','10',1),
	('8a80868853a692ad0153a6ab869a0027','cache.memcached.maxIdle','3600000',1),
	('8a80868853a692ad0153a6ab869a0028','cache.memcached.maintSleep','60',1),
	('8a80868853a692ad0153a6ab869a0029','mail.smtp.host','smtp.exmail.qq.com',1),
	('8a80868853a692ad0153a6ab869a0030','mail.smtp.port','465',1),
	('8a80868853a692ad0153a6ab869a0031','mail.smtp.socketFactory.port','465',1),
	('8a80868853a692ad0153a6ab869a0032','mail.smtp.auth','true',1),
	('8a80868853a692ad0153a6ab869a0033','mail.smtp.socketFactory.class','javax.net.ssl.SSLSocketFactory',1),
	('8a80868853a692ad0153a6ab869a0034','mail.smtp.socketFactory.fallback','true',1),
	('8a80868853a692ad0153a6ab869a0035','mail.smtp.username','service@nethsoft.com',1),
	('8a80868853a692ad0153a6ab869a0036','mail.smtp.password','nethsoft2014',1),
	('8a80868853a692ad0153a6ab869a0037','mail.period','50000',1);

/*!40000 ALTER TABLE `sys_config` ENABLE KEYS */;
UNLOCK TABLES;


# Dump of table sys_datadict
# ------------------------------------------------------------

DROP TABLE IF EXISTS `sys_datadict`;

CREATE TABLE `sys_datadict` (
  `id` varchar(50) NOT NULL,
  `category` varchar(50) DEFAULT NULL COMMENT '分类',
  `name` varchar(50) NOT NULL,
  `remarks` varchar(20) DEFAULT NULL,
  `createUser` varchar(50) NOT NULL,
  `createTime` varchar(20) NOT NULL,
  PRIMARY KEY (`id`)
) ENGINE=InnoDB DEFAULT CHARSET=utf8;

LOCK TABLES `sys_datadict` WRITE;
/*!40000 ALTER TABLE `sys_datadict` DISABLE KEYS */;

INSERT INTO `sys_datadict` (`id`, `category`, `name`, `remarks`, `createUser`, `createTime`)
VALUES
	('4028812856a0dfaa0156a12c4ab80017','系统','sys_themes','系统主题包','superadmin','2016-08-19 13:00:49'),
	('402881ee52f2c20f0152f2fa36fb0008','系统','sys_status','状态','superadmin','2016-02-18 14:03:50'),
	('402887d9535f625501535f73ff2b0009','系统','sys_exception','异常','superadmin','2016-03-10 15:35:50'),
	('4028b88158b3bc850158b411f07b0003','自定义图表','bi_charts_type','图表类型','superadmin','2016-11-30 15:10:24'),
	('4028b88159b070d70159b0a2b34e0001','数据源','bi_db_type','外部数据库类型','superadmin','2017-01-18 16:12:49'),
	('4028b88159b070d70159b0ab81e30004','数据源','bi_db_driver','外部数据库驱动','superadmin','2017-01-18 16:22:27'),
	('4028b88159b070d70159b0abea6e0005','数据源','bi_db_jdbc_url','外部数据库JDBC连接','superadmin','2017-01-18 16:22:53');

/*!40000 ALTER TABLE `sys_datadict` ENABLE KEYS */;
UNLOCK TABLES;


# Dump of table sys_datadict_item
# ------------------------------------------------------------

DROP TABLE IF EXISTS `sys_datadict_item`;

CREATE TABLE `sys_datadict_item` (
  `id` varchar(50) NOT NULL,
  `did` varchar(50) NOT NULL,
  `k` varchar(100) DEFAULT NULL,
  `v` varchar(100) NOT NULL,
  `location` int(11) DEFAULT NULL,
  `createUser` varchar(50) NOT NULL,
  `createTime` varchar(20) NOT NULL,
  PRIMARY KEY (`id`),
  KEY `FK_sys_datadict_item` (`did`),
  CONSTRAINT `FK_sys_datadict_item` FOREIGN KEY (`did`) REFERENCES `sys_datadict` (`id`)
) ENGINE=InnoDB DEFAULT CHARSET=utf8;

LOCK TABLES `sys_datadict_item` WRITE;
/*!40000 ALTER TABLE `sys_datadict_item` DISABLE KEYS */;

INSERT INTO `sys_datadict_item` (`id`, `did`, `k`, `v`, `location`, `createUser`, `createTime`)
VALUES
	('4028812856a0dfaa0156a12e94150018','4028812856a0dfaa0156a12c4ab80017','默认风格','palette',1,'superadmin','2016-08-19 13:03:19'),
	('4028812856a0dfaa0156a12e94330019','4028812856a0dfaa0156a12c4ab80017','风格一','palette.2',2,'superadmin','2016-08-19 13:03:19'),
	('4028812856a0dfaa0156a12e9434001a','4028812856a0dfaa0156a12c4ab80017','风格二','palette.3',3,'superadmin','2016-08-19 13:03:19'),
	('4028812856a0dfaa0156a12e9434001b','4028812856a0dfaa0156a12c4ab80017','风格三','palette.4',4,'superadmin','2016-08-19 13:03:19'),
	('4028812856a0dfaa0156a12e9435001c','4028812856a0dfaa0156a12c4ab80017','风格四','palette.5',5,'superadmin','2016-08-19 13:03:19'),
	('4028812856a0dfaa0156a12e9435001d','4028812856a0dfaa0156a12c4ab80017','风格五','palette.6',6,'superadmin','2016-08-19 13:03:19'),
	('4028812856a0dfaa0156a12e9435001e','4028812856a0dfaa0156a12c4ab80017','风格六','palette.7',7,'superadmin','2016-08-19 13:03:19'),
	('4028812856a0dfaa0156a12e9436001f','4028812856a0dfaa0156a12c4ab80017','风格七','palette.7',8,'superadmin','2016-08-19 13:03:19'),
	('402887d9535f625501535f713d060001','402881ee52f2c20f0152f2fa36fb0008','0','启用',1,'superadmin','2016-03-10 15:32:50'),
	('402887d9535f625501535f713d180002','402881ee52f2c20f0152f2fa36fb0008','1','禁用',2,'superadmin','2016-03-10 15:32:50'),
	('402887d9535f625501535f7419c0000e','402887d9535f625501535f73ff2b0009','org.hibernate.exception.ConstraintViolationException','存在关联数据，无法执行此操作！',1,'superadmin','2016-03-10 15:35:57'),
	('4028b88158c394ca0158c3ad98cf001b','4028b88158b3bc850158b411f07b0003','bar','柱状图',1,'superadmin','2016-12-03 15:54:43'),
	('4028b88158c394ca0158c3ad98d0001c','4028b88158b3bc850158b411f07b0003','line','折线图',2,'superadmin','2016-12-03 15:54:43'),
	('4028b88158c394ca0158c3ad98d0001d','4028b88158b3bc850158b411f07b0003','pie','饼状图',3,'superadmin','2016-12-03 15:54:43'),
	('4028b88158c394ca0158c3ad98d0001e','4028b88158b3bc850158b411f07b0003','doughnut','环形图',4,'superadmin','2016-12-03 15:54:43'),
	('4028b88158c394ca0158c3ad98d0001f','4028b88158b3bc850158b411f07b0003','polar-area','极坐标图',5,'superadmin','2016-12-03 15:54:43'),
	('4028b88158c394ca0158c3ad98d00020','4028b88158b3bc850158b411f07b0003','radar','雷达图',6,'superadmin','2016-12-03 15:54:43'),
	('4028b88158c394ca0158c3ad98d00021','4028b88158b3bc850158b411f07b0003','bubble','气泡图',7,'superadmin','2016-12-03 15:54:43'),
	('4028b88159b070d70159b0a32f720002','4028b88159b070d70159b0a2b34e0001','mysql','MySQL数据库',1,'superadmin','2017-01-18 16:13:21'),
	('4028b88159b070d70159b0a32f720003','4028b88159b070d70159b0a2b34e0001','oracle','Oracle数据库',2,'superadmin','2017-01-18 16:13:21'),
	('4028b88159b070d70159b0ac98de0006','4028b88159b070d70159b0ab81e30004','mysql','com.mysql.jdbc.Driver',1,'superadmin','2017-01-18 16:23:38'),
	('4028b88159b070d70159b0ac98de0007','4028b88159b070d70159b0ab81e30004','oracle','oracle.jdbc.driver.OracleDriver',2,'superadmin','2017-01-18 16:23:38'),
	('4028b88159b070d70159b0adbad40008','4028b88159b070d70159b0abea6e0005','mysql','jdbc:mysql://${host}:${port}/${db}',1,'superadmin','2017-01-18 16:24:52'),
	('4028b88159b070d70159b0adbad40009','4028b88159b070d70159b0abea6e0005','oracle','jdbc:oracle:thin:@localhost:1521:orcl',2,'superadmin','2017-01-18 16:24:52');

/*!40000 ALTER TABLE `sys_datadict_item` ENABLE KEYS */;
UNLOCK TABLES;


# Dump of table sys_email
# ------------------------------------------------------------

DROP TABLE IF EXISTS `sys_email`;

CREATE TABLE `sys_email` (
  `id` varchar(50) NOT NULL,
  `recipients` varchar(100) NOT NULL DEFAULT '' COMMENT '多个收件人用逗号隔开',
  `title` varchar(100) NOT NULL,
  `subtitle` varchar(100) DEFAULT NULL,
  `content` text,
  `sendTime` varchar(20) DEFAULT NULL,
  `state` int(11) DEFAULT NULL COMMENT '1 待发送 2已发送 3 发送失败',
  `remarks` varchar(100) DEFAULT NULL,
  `weight` int(11) DEFAULT NULL,
  `createUser` varchar(50) DEFAULT NULL,
  `createTime` varchar(20) DEFAULT NULL,
  PRIMARY KEY (`id`)
) ENGINE=InnoDB DEFAULT CHARSET=utf8;

LOCK TABLES `sys_email` WRITE;
/*!40000 ALTER TABLE `sys_email` DISABLE KEYS */;

INSERT INTO `sys_email` (`id`, `recipients`, `title`, `subtitle`, `content`, `sendTime`, `state`, `remarks`, `weight`, `createUser`, `createTime`)
VALUES
	('402838814a9031f1014a9035471d0001','1077020759@qq.com,359921330@qq.com','title','subtitle','content','2014-12-28 19:54:12',2,'remarks',1,'4028388148e09a0d0148','2014-12-28 17:23:38'),
	('402838814a90ea9b014a90ede26e0001','359921330@qq.com','测试程序 - 物业管理系统',NULL,'测试一下啊！！！','2014-12-28 20:45:19',2,NULL,1,'4028388148e09a0d0148','2014-12-28 20:45:16'),
	('402838814a9429da014a9430140a0000','359921330@qq.com','测试程序 - 物业管理系统',NULL,'测试一下啊！！！','2014-12-29 12:07:47',2,NULL,1,'4028388148e09a0d0148','2014-12-29 11:56:26');

/*!40000 ALTER TABLE `sys_email` ENABLE KEYS */;
UNLOCK TABLES;


# Dump of table sys_group
# ------------------------------------------------------------

DROP TABLE IF EXISTS `sys_group`;

CREATE TABLE `sys_group` (
  `id` varchar(32) NOT NULL,
  `unitId` varchar(32) NOT NULL COMMENT '所属机构',
  `name` varchar(50) NOT NULL COMMENT '名称',
  `descript` varchar(200) DEFAULT NULL COMMENT '描述',
  `createUser` varchar(32) NOT NULL COMMENT '创建人',
  `createTime` varchar(20) NOT NULL COMMENT '创建时间',
  PRIMARY KEY (`id`),
  KEY `FK_sys_group$unit` (`unitId`),
  CONSTRAINT `FK_sys_group$unit` FOREIGN KEY (`unitId`) REFERENCES `sys_unit` (`id`)
) ENGINE=InnoDB DEFAULT CHARSET=utf8 COMMENT='用户组';



# Dump of table sys_group_role
# ------------------------------------------------------------

DROP TABLE IF EXISTS `sys_group_role`;

CREATE TABLE `sys_group_role` (
  `groupId` varchar(32) NOT NULL COMMENT '用户组ID',
  `roleId` varchar(32) NOT NULL COMMENT '角色ID',
  KEY `FK_sys_group_role$group` (`groupId`),
  KEY `FK_sys_group_role$role` (`roleId`),
  CONSTRAINT `FK_sys_group_role$group` FOREIGN KEY (`groupId`) REFERENCES `sys_group` (`id`),
  CONSTRAINT `FK_sys_group_role$role` FOREIGN KEY (`roleId`) REFERENCES `sys_role` (`id`)
) ENGINE=InnoDB DEFAULT CHARSET=utf8 COMMENT='用户组与角色关联';



# Dump of table sys_group_user
# ------------------------------------------------------------

DROP TABLE IF EXISTS `sys_group_user`;

CREATE TABLE `sys_group_user` (
  `groupId` varchar(32) NOT NULL COMMENT '用户组ID',
  `userId` varchar(32) NOT NULL COMMENT '用户ID',
  KEY `FK_sys_group_user$group` (`groupId`),
  KEY `FK_sys_group_user$user` (`userId`),
  CONSTRAINT `FK_sys_group_user$group` FOREIGN KEY (`groupId`) REFERENCES `sys_group` (`id`),
  CONSTRAINT `FK_sys_group_user$user` FOREIGN KEY (`userId`) REFERENCES `sys_user` (`id`)
) ENGINE=InnoDB DEFAULT CHARSET=utf8 COMMENT='用户组与用户关联';



# Dump of table sys_ip_address
# ------------------------------------------------------------

DROP TABLE IF EXISTS `sys_ip_address`;

CREATE TABLE `sys_ip_address` (
  `id` int(11) NOT NULL AUTO_INCREMENT,
  `startIp` varchar(25) NOT NULL,
  `endIp` varchar(25) NOT NULL,
  `country` varchar(50) NOT NULL,
  `local` varchar(100) DEFAULT NULL,
  PRIMARY KEY (`id`)
) ENGINE=MyISAM DEFAULT CHARSET=utf8;



# Dump of table sys_log
# ------------------------------------------------------------

DROP TABLE IF EXISTS `sys_log`;

CREATE TABLE `sys_log` (
  `id` varchar(50) NOT NULL,
  `level` int(11) NOT NULL COMMENT '日志级别',
  `content` text COMMENT '日志内容',
  `user` varchar(50) CHARACTER SET utf8 COLLATE utf8_bin NOT NULL COMMENT '登录用户',
  `ip` varchar(50) CHARACTER SET utf8 COLLATE utf8_bin DEFAULT NULL COMMENT '记录IP',
  `log_time` varchar(50) CHARACTER SET utf8 COLLATE utf8_bin DEFAULT NULL COMMENT '记录时间',
  `module` varchar(100) CHARACTER SET utf8 COLLATE utf8_bin DEFAULT NULL COMMENT '模块名',
  `source` varchar(50) CHARACTER SET utf8 COLLATE utf8_bin DEFAULT NULL COMMENT '记录来源',
  `browser` varchar(50) DEFAULT NULL COMMENT '浏览器型号',
  `platform` varchar(50) DEFAULT NULL COMMENT '系统平台',
  PRIMARY KEY (`id`)
) ENGINE=InnoDB DEFAULT CHARSET=utf8;

LOCK TABLES `sys_log` WRITE;
/*!40000 ALTER TABLE `sys_log` DISABLE KEYS */;

INSERT INTO `sys_log` (`id`, `level`, `content`, `user`, `ip`, `log_time`, `module`, `source`, `browser`, `platform`)
VALUES
	('4028b8815a7ec386015a7ec3d02f0000',1,'转向登录界面',X'4775657374',X'E69CACE59CB0E4B8BBE69CBA',X'323031372D30322D32372031363A35303A343620303436',X'E7B3BBE7BB9FE799BBE5BD95',X'5369676E436F6E74726F6C6C6572','未知','未知'),
	('4028b8815a7ec386015a7ec3ee1d0001',1,'转向登录界面',X'4775657374',X'E69CACE59CB0E4B8BBE69CBA',X'323031372D30322D32372031363A35303A353420303534',X'E7B3BBE7BB9FE799BBE5BD95',X'5369676E436F6E74726F6C6C6572','Chrome/55.0.2883.87','Windows 10'),
	('4028b8815a7ec386015a7ec5ad970002',3,'错误代码:500，访问路径:null',X'4775657374',X'E69CACE59CB0E4B8BBE69CBA',X'323031372D30322D32372031363A35323A343820303438',X'E7B3BBE7BB9FE5BC82E5B8B8',X'4C6F6753657276696365','Chrome/55.0.2883.87','Windows 10'),
	('4028b8815a7ecc19015a7ecc76f40000',1,'转向登录界面',X'4775657374',X'E69CACE59CB0E4B8BBE69CBA',X'323031372D30322D32372031373A30303A313320303133',X'E7B3BBE7BB9FE799BBE5BD95',X'5369676E436F6E74726F6C6C6572','未知','未知'),
	('4028b8815a7ecc19015a7ecc7d140001',1,'转向登录界面',X'4775657374',X'E69CACE59CB0E4B8BBE69CBA',X'323031372D30322D32372031373A30303A313420303134',X'E7B3BBE7BB9FE799BBE5BD95',X'5369676E436F6E74726F6C6C6572','Chrome/55.0.2883.87','Windows 10'),
	('4028b8815a7ecc19015a7eccb32d0002',1,'用户：[superadmin] 成功登录系统',X'737570657261646D696E',X'E69CACE59CB0E4B8BBE69CBA',X'323031372D30322D32372031373A30303A323820303238',X'E7B3BBE7BB9FE799BBE5BD95',X'4C6F6753657276696365','Chrome/55.0.2883.87','Windows 10'),
	('4028b8815a7ecc19015a7ecfb4440003',3,'错误代码:500，访问路径:/bi/flow/task',X'737570657261646D696E',X'E69CACE59CB0E4B8BBE69CBA',X'323031372D30322D32372031373A30333A343520303435',X'E7B3BBE7BB9FE5BC82E5B8B8',X'4C6F6753657276696365','Chrome/55.0.2883.87','Windows 10'),
	('4028b8815a7ecc19015a7ecfbf4b0004',3,'错误代码:500，访问路径:/bi/flow/apply',X'737570657261646D696E',X'E69CACE59CB0E4B8BBE69CBA',X'323031372D30322D32372031373A30333A343820303438',X'E7B3BBE7BB9FE5BC82E5B8B8',X'4C6F6753657276696365','Chrome/55.0.2883.87','Windows 10'),
	('4028b8815a7ecc19015a7ecfc9ee0005',3,'错误代码:500，访问路径:/bi/flow',X'737570657261646D696E',X'E69CACE59CB0E4B8BBE69CBA',X'323031372D30322D32372031373A30333A353120303531',X'E7B3BBE7BB9FE5BC82E5B8B8',X'4C6F6753657276696365','Chrome/55.0.2883.87','Windows 10'),
	('4028b8815a7ecc19015a7ecff3be0006',3,'错误代码:500，访问路径:/index',X'737570657261646D696E',X'E69CACE59CB0E4B8BBE69CBA',X'323031372D30322D32372031373A30343A303120303031',X'E7B3BBE7BB9FE5BC82E5B8B8',X'4C6F6753657276696365','Chrome/55.0.2883.87','Windows 10'),
	('4028b8815a7ed0a1015a7ed0e3a10000',1,'转向登录界面',X'4775657374',X'E69CACE59CB0E4B8BBE69CBA',X'323031372D30322D32372031373A30353A303320303033',X'E7B3BBE7BB9FE799BBE5BD95',X'5369676E436F6E74726F6C6C6572','未知','未知'),
	('4028b8815a7ed0a1015a7ed0e8dc0001',1,'转向登录界面',X'4775657374',X'E69CACE59CB0E4B8BBE69CBA',X'323031372D30322D32372031373A30353A303420303034',X'E7B3BBE7BB9FE799BBE5BD95',X'5369676E436F6E74726F6C6C6572','Chrome/55.0.2883.87','Windows 10'),
	('4028b8815a7ed0a1015a7ef09c180002',1,'转向登录界面',X'4775657374',X'E69CACE59CB0E4B8BBE69CBA',X'323031372D30322D32372031373A33393A343220303432',X'E7B3BBE7BB9FE799BBE5BD95',X'5369676E436F6E74726F6C6C6572','Chrome/55.0.2883.87','Windows 10'),
	('4028b8815a7ed0a1015a7ef1b8120003',1,'转向登录界面',X'4775657374',X'E69CACE59CB0E4B8BBE69CBA',X'323031372D30322D32372031373A34303A353420303534',X'E7B3BBE7BB9FE799BBE5BD95',X'5369676E436F6E74726F6C6C6572','Chrome/55.0.2883.87','Windows 10'),
	('4028b8815a7ed0a1015a7ef1d6e40004',1,'转向登录界面',X'4775657374',X'E69CACE59CB0E4B8BBE69CBA',X'323031372D30322D32372031373A34313A303220303032',X'E7B3BBE7BB9FE799BBE5BD95',X'5369676E436F6E74726F6C6C6572','Chrome/55.0.2883.87','Windows 10'),
	('4028b8815a7ed0a1015a7ef1ee130005',1,'转向登录界面',X'4775657374',X'E69CACE59CB0E4B8BBE69CBA',X'323031372D30322D32372031373A34313A303820303038',X'E7B3BBE7BB9FE799BBE5BD95',X'5369676E436F6E74726F6C6C6572','Chrome/55.0.2883.87','Windows 10'),
	('4028b8815a7ed0a1015a7ef1ff0b0006',1,'转向登录界面',X'4775657374',X'E69CACE59CB0E4B8BBE69CBA',X'323031372D30322D32372031373A34313A313320303133',X'E7B3BBE7BB9FE799BBE5BD95',X'5369676E436F6E74726F6C6C6572','Chrome/55.0.2883.87','Windows 10'),
	('4028b8815a7ed0a1015a7ef201f90007',1,'转向登录界面',X'4775657374',X'E69CACE59CB0E4B8BBE69CBA',X'323031372D30322D32372031373A34313A313320303133',X'E7B3BBE7BB9FE799BBE5BD95',X'5369676E436F6E74726F6C6C6572','Chrome/55.0.2883.87','Windows 10'),
	('4028b8815a7ed0a1015a7ef205990008',1,'转向登录界面',X'4775657374',X'E69CACE59CB0E4B8BBE69CBA',X'323031372D30322D32372031373A34313A313420303134',X'E7B3BBE7BB9FE799BBE5BD95',X'5369676E436F6E74726F6C6C6572','Chrome/55.0.2883.87','Windows 10'),
	('4028b8815a7ed0a1015a7ef215c60009',1,'转向登录界面',X'4775657374',X'E69CACE59CB0E4B8BBE69CBA',X'323031372D30322D32372031373A34313A313820303138',X'E7B3BBE7BB9FE799BBE5BD95',X'5369676E436F6E74726F6C6C6572','Chrome/55.0.2883.87','Windows 10'),
	('4028b8815a7ed0a1015a7ef21fde000a',1,'转向登录界面',X'4775657374',X'E69CACE59CB0E4B8BBE69CBA',X'323031372D30322D32372031373A34313A323120303231',X'E7B3BBE7BB9FE799BBE5BD95',X'5369676E436F6E74726F6C6C6572','Chrome/55.0.2883.87','Windows 10'),
	('4028b8815a7ed0a1015a7ef223d4000b',1,'转向登录界面',X'4775657374',X'E69CACE59CB0E4B8BBE69CBA',X'323031372D30322D32372031373A34313A323220303232',X'E7B3BBE7BB9FE799BBE5BD95',X'5369676E436F6E74726F6C6C6572','Chrome/55.0.2883.87','Windows 10'),
	('4028b8815a7ed0a1015a7ef22927000c',1,'转向登录界面',X'4775657374',X'E69CACE59CB0E4B8BBE69CBA',X'323031372D30322D32372031373A34313A323320303233',X'E7B3BBE7BB9FE799BBE5BD95',X'5369676E436F6E74726F6C6C6572','Chrome/55.0.2883.87','Windows 10'),
	('4028b8815a7ed0a1015a7ef22c66000d',1,'转向登录界面',X'4775657374',X'E69CACE59CB0E4B8BBE69CBA',X'323031372D30322D32372031373A34313A323420303234',X'E7B3BBE7BB9FE799BBE5BD95',X'5369676E436F6E74726F6C6C6572','Chrome/55.0.2883.87','Windows 10'),
	('4028b8815a7ed0a1015a7ef2306c000e',1,'转向登录界面',X'4775657374',X'E69CACE59CB0E4B8BBE69CBA',X'323031372D30322D32372031373A34313A323520303235',X'E7B3BBE7BB9FE799BBE5BD95',X'5369676E436F6E74726F6C6C6572','Chrome/55.0.2883.87','Windows 10'),
	('4028b8815a7ed0a1015a7ef26d3b000f',1,'转向登录界面',X'4775657374',X'E69CACE59CB0E4B8BBE69CBA',X'323031372D30322D32372031373A34313A343120303431',X'E7B3BBE7BB9FE799BBE5BD95',X'5369676E436F6E74726F6C6C6572','Chrome/55.0.2883.87','Windows 10');

/*!40000 ALTER TABLE `sys_log` ENABLE KEYS */;
UNLOCK TABLES;


# Dump of table sys_notify
# ------------------------------------------------------------

DROP TABLE IF EXISTS `sys_notify`;

CREATE TABLE `sys_notify` (
  `id` varchar(50) NOT NULL,
  `content` longtext,
  `createUser` varchar(32) NOT NULL,
  `createTime` varchar(20) NOT NULL,
  PRIMARY KEY (`id`)
) ENGINE=InnoDB DEFAULT CHARSET=utf8;

LOCK TABLES `sys_notify` WRITE;
/*!40000 ALTER TABLE `sys_notify` DISABLE KEYS */;

INSERT INTO `sys_notify` (`id`, `content`, `createUser`, `createTime`)
VALUES
	('4028b8815a16ba71015a1720eb4c0003','{\"type\":\"NotifyMessage\",\"logo\":\"ti-bell\",\"logoBackgroundClass\":\"bg-warning\",\"title\":\"Title1\",\"content\":\"Test message\",\"createUser\":\"超级管理员\",\"createTime\":\"2017-02-07 13:51:57\",\"actions\":[]}','超级管理员','2017-02-07 13:51:57'),
	('4028b8815a16ba71015a173014320008','{\"type\":\"NotifyLinkMessage\",\"logo\":\"ti-bell\",\"logoBackgroundClass\":\"bg-warning\",\"title\":\"linkMessage\",\"content\":\"Test Link message\",\"createUser\":\"超级管理员\",\"createTime\":\"2017-02-07 14:08:31\",\"actions\":[],\"url\":\"http://www.baidu.com\",\"showMode\":\"NewPage\"}','超级管理员','2017-02-07 14:08:31');

/*!40000 ALTER TABLE `sys_notify` ENABLE KEYS */;
UNLOCK TABLES;


# Dump of table sys_notify_user
# ------------------------------------------------------------

DROP TABLE IF EXISTS `sys_notify_user`;

CREATE TABLE `sys_notify_user` (
  `id` varchar(50) NOT NULL,
  `userId` varchar(50) DEFAULT NULL,
  `notifyId` varchar(50) DEFAULT NULL,
  `businessId` varchar(50) DEFAULT NULL COMMENT '业务ID',
  `createTime` varchar(20) NOT NULL,
  `recread` tinyint(1) DEFAULT NULL,
  `readTime` varchar(20) DEFAULT NULL,
  PRIMARY KEY (`id`),
  KEY `FK_sys_notify$sys_notify_user` (`notifyId`),
  KEY `FK_sys_user$sys_notify` (`userId`),
  CONSTRAINT `FK_sys_notify$sys_notify_user` FOREIGN KEY (`notifyId`) REFERENCES `sys_notify` (`id`),
  CONSTRAINT `FK_sys_user$sys_notify` FOREIGN KEY (`userId`) REFERENCES `sys_user` (`id`)
) ENGINE=InnoDB DEFAULT CHARSET=utf8;

LOCK TABLES `sys_notify_user` WRITE;
/*!40000 ALTER TABLE `sys_notify_user` DISABLE KEYS */;

INSERT INTO `sys_notify_user` (`id`, `userId`, `notifyId`, `businessId`, `createTime`, `recread`, `readTime`)
VALUES
	('4028b8815a16ba71015a1720eb500004','402881ee547f564d01547f7dd49b002e','4028b8815a16ba71015a1720eb4c0003',NULL,'2017-02-07 13:51:57',1,'2017-02-07 14:54:44'),
	('4028b8815a16ba71015a173014380009','402881ee547f564d01547f7dd49b002e','4028b8815a16ba71015a173014320008',NULL,'2017-02-07 14:08:31',1,'2017-02-07 14:54:41');

/*!40000 ALTER TABLE `sys_notify_user` ENABLE KEYS */;
UNLOCK TABLES;


# Dump of table sys_res
# ------------------------------------------------------------

DROP TABLE IF EXISTS `sys_res`;

CREATE TABLE `sys_res` (
  `id` varchar(50) NOT NULL,
  `name` varchar(20) NOT NULL,
  `code` varchar(50) DEFAULT NULL COMMENT '编码',
  `url` varchar(50) DEFAULT NULL,
  `icon` varchar(30) DEFAULT NULL,
  `location` int(11) NOT NULL,
  `enabled` tinyint(1) NOT NULL DEFAULT '0',
  `descript` tinytext,
  `parentId` varchar(50) DEFAULT NULL,
  `hasChildren` tinyint(1) NOT NULL DEFAULT '0',
  `beta` tinyint(1) NOT NULL DEFAULT '0',
  `display` tinyint(1) NOT NULL DEFAULT '1',
  `newWindow` tinyint(1) NOT NULL DEFAULT '0',
  `createTime` varchar(20) DEFAULT NULL,
  PRIMARY KEY (`id`)
) ENGINE=InnoDB DEFAULT CHARSET=utf8;

LOCK TABLES `sys_res` WRITE;
/*!40000 ALTER TABLE `sys_res` DISABLE KEYS */;

INSERT INTO `sys_res` (`id`, `name`, `code`, `url`, `icon`, `location`, `enabled`, `descript`, `parentId`, `hasChildren`, `beta`, `display`, `newWindow`, `createTime`)
VALUES
	('297ec0504dfb4517014dfb805a600005','工作流管理','003','/bi/flow','fa fa-sitemap',3,1,'','-1',1,0,1,0,'2015-06-16 16:33:22'),
	('297ec0504dfb4517014dfb8441740006','表单管理','002','/bi/form','ti-pencil-alt',2,1,'表单管理','-1',1,0,1,0,'2015-06-16 16:37:38'),
	('4028388148ac878b0148ac8820090000','系统管理','008','/system','glyphicon glyphicon-cog',8,1,'管理系统中的用户、角色、菜单等','-1',1,0,1,0,'2014-09-25 19:17:54'),
	('4028388148acb42f0148acccd58d0001','角色管理','008003','/system/role','fa fa-group',3,1,'','4028388148ac878b0148ac8820090000',0,0,1,0,'2014-09-25 20:32:58'),
	('4028388148acb42f0148acd9a6170005','用户管理','008002','/system/user','ti-user',2,1,'','4028388148ac878b0148ac8820090000',0,0,1,0,'2014-09-25 20:46:58'),
	('4028388148b2fe810148b32ebc0d002f','组织架构','008001','/system/unit','fa fa-sitemap',1,1,'软件内部的组织结构，也可以是公司内部的组织结构','4028388148ac878b0148ac8820090000',0,0,1,0,'2014-09-27 02:17:37'),
	('4028388148b2fe810148b32ef7120030','菜单管理','008004','/system/res','ti-menu-alt',4,1,'','4028388148ac878b0148ac8820090000',0,0,1,0,'2014-09-27 02:17:52'),
	('40283881494264460149428484610000','仪表板','001','/index','glyphicon glyphicon-home',1,1,'集中显示各种数据，报表等。','-1',0,0,1,0,'2014-10-24 22:17:01'),
	('4028388149428faf0149429c02770000','系统日志','008007','/system/log','fa fa-history',7,1,'查看系统日志信息，包含所有功能的操作日志。','4028388148ac878b0148ac8820090000',0,0,1,0,'2014-10-24 22:42:40'),
	('402838814a192f8c014a1995ace60000','通知中心','008005','/system/notify','fa fa-bell-o',5,1,'集中系统的各种通知','4028388148ac878b0148ac8820090000',0,0,1,0,'2014-12-05 16:34:07'),
	('402838814a512e0b014a5135c3720000','数据字典','008006','/system/datadict','fa fa-database',6,1,'系统数据字典，公共数据配置/存储中心','4028388148ac878b0148ac8820090000',0,0,1,0,'2014-12-16 11:48:05'),
	('402881ee547ea15801547eb07a2f0002','数据源管理','006','/bi/datasource','fa fa-database',6,1,'','-1',0,0,1,0,'2016-05-05 10:12:55'),
	('402881ee547ea15801547eb17d800004','图表管理','004','/bi/charts','fa fa-pie-chart',4,1,'基于 自定义数据源 模块生成图表','-1',0,0,1,0,'2016-05-05 10:14:01'),
	('402881ff500261d4015002732e960000','数据库管理','007','/bi/table','fa fa-table',7,1,'数据库表管理','-1',0,0,1,1,'2015-09-25 11:01:54'),
	('40289f395992c350015992c676300002','数据表单','002002','/bi/form/v2','fa fa-check-square-o',2,1,'表单管理2.0版本，添加表单时必须先选择数据库表','297ec0504dfb4517014dfb8441740006',0,0,1,0,'2017-01-12 21:03:16'),
	('4028b881592575a30159257a39290002','报表管理','005','/bi/report','fa fa-list-alt',5,1,'','-1',0,0,1,0,'2016-12-22 15:41:24'),
	('4028b8815a25d1e9015a25d71b2d0008','万能表单','002001','/bi/form','ti-pencil-alt',1,1,'直接设计表单，根据表单内容自动生成数据库表','297ec0504dfb4517014dfb8441740006',0,0,1,0,'2017-02-10 10:25:38'),
	('4028b8815a458d23015a45947ee40002','流程定义','003003','/bi/flow','fa fa-rocket',3,1,'设计流程，部署/取消部署流程','297ec0504dfb4517014dfb805a600005',0,0,1,0,'2017-02-16 14:20:44'),
	('4028b8815a458d23015a45958df30004','流程管理','003002','/bi/flow/apply','fa fa-sitemap',2,1,'展示已部署的流程','297ec0504dfb4517014dfb805a600005',0,0,1,0,'2017-02-16 14:21:53'),
	('4028b8815a458d23015a45965b310006','我的任务','003001','/bi/flow/task','fa fa-tasks',1,1,'我申请的和需要我审批的流程','297ec0504dfb4517014dfb805a600005',0,0,1,0,'2017-02-16 14:22:45');

/*!40000 ALTER TABLE `sys_res` ENABLE KEYS */;
UNLOCK TABLES;


# Dump of table sys_res_btn
# ------------------------------------------------------------

DROP TABLE IF EXISTS `sys_res_btn`;

CREATE TABLE `sys_res_btn` (
  `id` varchar(32) NOT NULL,
  `resId` varchar(32) NOT NULL,
  `code` varchar(20) NOT NULL,
  `name` varchar(10) NOT NULL,
  `createUser` varchar(32) NOT NULL,
  `createTime` varchar(20) NOT NULL,
  PRIMARY KEY (`id`),
  KEY `FK_sys_res_btn$sys_res` (`resId`),
  CONSTRAINT `FK_sys_res_btn$sys_res` FOREIGN KEY (`resId`) REFERENCES `sys_res` (`id`)
) ENGINE=InnoDB DEFAULT CHARSET=utf8;



# Dump of table sys_res_column
# ------------------------------------------------------------

DROP TABLE IF EXISTS `sys_res_column`;

CREATE TABLE `sys_res_column` (
  `id` varchar(32) NOT NULL,
  `resId` varchar(32) DEFAULT NULL COMMENT '关联资源表',
  `code` varchar(20) NOT NULL COMMENT '编码',
  `name` varchar(20) NOT NULL COMMENT '名称',
  `createUser` varchar(32) NOT NULL COMMENT '创建人',
  `createTime` varchar(20) NOT NULL COMMENT '创建时间',
  PRIMARY KEY (`id`),
  KEY `FK_sys_res_column$sys_res` (`resId`),
  CONSTRAINT `FK_sys_res_column$sys_res` FOREIGN KEY (`resId`) REFERENCES `sys_res` (`id`)
) ENGINE=InnoDB DEFAULT CHARSET=utf8 COMMENT='资源对应的字段';



# Dump of table sys_role
# ------------------------------------------------------------

DROP TABLE IF EXISTS `sys_role`;

CREATE TABLE `sys_role` (
  `id` varchar(50) NOT NULL,
  `name` varchar(20) NOT NULL,
  `unitId` varchar(50) NOT NULL,
  `enabled` tinyint(1) NOT NULL DEFAULT '0',
  `descript` text,
  `createTime` varchar(20) NOT NULL,
  PRIMARY KEY (`id`)
) ENGINE=InnoDB DEFAULT CHARSET=utf8;

LOCK TABLES `sys_role` WRITE;
/*!40000 ALTER TABLE `sys_role` DISABLE KEYS */;

INSERT INTO `sys_role` (`id`, `name`, `unitId`, `enabled`, `descript`, `createTime`)
VALUES
	('4028388148d681830148d6857c71000d','系统管理员','40283881493c2aff01493c32e2a70000',1,'拥有系统最高权限，所有资源权限，所有按钮权限','2014-10-03 22:59:05'),
	('40283881497b0b0201497b2a16350004','普通角色','40283881493c2aff01493c32e2a70000',1,'具有一般权限','2014-11-04 22:16:36'),
	('40283881497b0b0201497b2a16350005','文档共享中心','402838814956ea190149570336be0000',1,'',''),
	('402838814a143628014a149ebc6e0002','合肥1','402838814a0ba80b014a0bb751020000',1,'','2014-12-04 17:25:54'),
	('402838814ac3ffdc014ac414ee76000b','安徽网禾管理员','402838814956ea190149570336be0000',1,'','2015-01-07 19:08:33'),
	('402881ee5374fb9b01537501c7680017','r','402881ee5374fb9b015374fcd8d80004',1,'','2016-03-14 20:02:44'),
	('402881ee54eff98b0154f01a1b890059','项目测试组','40283881493c2aff01493c32e2a70000',1,'项目管理方面','2016-05-27 10:45:23');

/*!40000 ALTER TABLE `sys_role` ENABLE KEYS */;
UNLOCK TABLES;


# Dump of table sys_role_res
# ------------------------------------------------------------

DROP TABLE IF EXISTS `sys_role_res`;

CREATE TABLE `sys_role_res` (
  `roleId` varchar(50) NOT NULL,
  `resId` varchar(50) NOT NULL,
  KEY `FK_sys_role_res_role` (`roleId`),
  KEY `FK_sys_role_res_res` (`resId`),
  CONSTRAINT `FK_sys_role_res_res` FOREIGN KEY (`resId`) REFERENCES `sys_res` (`id`),
  CONSTRAINT `FK_sys_role_res_role` FOREIGN KEY (`roleId`) REFERENCES `sys_role` (`id`)
) ENGINE=InnoDB DEFAULT CHARSET=utf8;

LOCK TABLES `sys_role_res` WRITE;
/*!40000 ALTER TABLE `sys_role_res` DISABLE KEYS */;

INSERT INTO `sys_role_res` (`roleId`, `resId`)
VALUES
	('402838814a143628014a149ebc6e0002','4028388148ac878b0148ac8820090000'),
	('402838814a143628014a149ebc6e0002','4028388148acb42f0148acccd58d0001'),
	('402838814a143628014a149ebc6e0002','4028388148acb42f0148acd9a6170005'),
	('402838814a143628014a149ebc6e0002','4028388148b2fe810148b32ebc0d002f'),
	('402838814a143628014a149ebc6e0002','4028388148b2fe810148b32ef7120030'),
	('402838814a143628014a149ebc6e0002','40283881494264460149428484610000'),
	('402838814a143628014a149ebc6e0002','4028388149428faf0149429c02770000'),
	('40283881497b0b0201497b2a16350005','40283881494264460149428484610000'),
	('402838814ac3ffdc014ac414ee76000b','40283881494264460149428484610000'),
	('402881ee5374fb9b01537501c7680017','40283881494264460149428484610000'),
	('40283881497b0b0201497b2a16350004','40283881494264460149428484610000'),
	('40283881497b0b0201497b2a16350004','402881ff500261d4015002732e960000'),
	('402881ee54eff98b0154f01a1b890059','40283881494264460149428484610000'),
	('4028388148d681830148d6857c71000d','402881ee547ea15801547eb17d800004'),
	('4028388148d681830148d6857c71000d','402881ee547ea15801547eb07a2f0002'),
	('4028388148d681830148d6857c71000d','297ec0504dfb4517014dfb805a600005'),
	('4028388148d681830148d6857c71000d','297ec0504dfb4517014dfb8441740006'),
	('4028388148d681830148d6857c71000d','402881ff500261d4015002732e960000'),
	('4028388148d681830148d6857c71000d','40283881494264460149428484610000'),
	('4028388148d681830148d6857c71000d','4028388148ac878b0148ac8820090000'),
	('4028388148d681830148d6857c71000d','402838814a512e0b014a5135c3720000'),
	('4028388148d681830148d6857c71000d','4028388149428faf0149429c02770000'),
	('4028388148d681830148d6857c71000d','402838814a192f8c014a1995ace60000'),
	('4028388148d681830148d6857c71000d','4028388148b2fe810148b32ef7120030'),
	('4028388148d681830148d6857c71000d','4028388148acb42f0148acccd58d0001'),
	('4028388148d681830148d6857c71000d','4028388148b2fe810148b32ebc0d002f'),
	('4028388148d681830148d6857c71000d','4028388148acb42f0148acd9a6170005');

/*!40000 ALTER TABLE `sys_role_res` ENABLE KEYS */;
UNLOCK TABLES;


# Dump of table sys_role_res_btn
# ------------------------------------------------------------

DROP TABLE IF EXISTS `sys_role_res_btn`;

CREATE TABLE `sys_role_res_btn` (
  `id` varchar(50) NOT NULL,
  `roleid` varchar(50) DEFAULT NULL,
  `resid` varchar(50) DEFAULT NULL,
  `btnid` varchar(50) DEFAULT NULL,
  PRIMARY KEY (`id`),
  KEY `FK_sys_role_res_btn_role` (`roleid`),
  KEY `FK_sys_role_res_btn_res` (`resid`),
  KEY `FK_sys_role_res_btn` (`btnid`),
  CONSTRAINT `FK_sys_role_res_btn$sys_res_btn` FOREIGN KEY (`btnid`) REFERENCES `sys_res_btn` (`id`),
  CONSTRAINT `FK_sys_role_res_btn_res` FOREIGN KEY (`resid`) REFERENCES `sys_res` (`id`),
  CONSTRAINT `FK_sys_role_res_btn_role` FOREIGN KEY (`roleid`) REFERENCES `sys_role` (`id`)
) ENGINE=InnoDB DEFAULT CHARSET=utf8;



# Dump of table sys_role_res_column
# ------------------------------------------------------------

DROP TABLE IF EXISTS `sys_role_res_column`;

CREATE TABLE `sys_role_res_column` (
  `id` varchar(32) NOT NULL,
  `roleId` varchar(32) NOT NULL COMMENT '角色',
  `resId` varchar(32) NOT NULL COMMENT '资源',
  `columnId` varchar(32) NOT NULL COMMENT '字段',
  PRIMARY KEY (`id`),
  KEY `FK_sys_role_res_column$sys_res` (`resId`),
  KEY `FK_sys_role_res_column$sys_res_column` (`columnId`),
  KEY `FK_sys_role_res_column$sys_role` (`roleId`),
  CONSTRAINT `FK_sys_role_res_column$sys_res` FOREIGN KEY (`resId`) REFERENCES `sys_res` (`id`),
  CONSTRAINT `FK_sys_role_res_column$sys_res_column` FOREIGN KEY (`columnId`) REFERENCES `sys_res_column` (`id`),
  CONSTRAINT `FK_sys_role_res_column$sys_role` FOREIGN KEY (`roleId`) REFERENCES `sys_role` (`id`)
) ENGINE=InnoDB DEFAULT CHARSET=utf8;



# Dump of table sys_sms
# ------------------------------------------------------------

DROP TABLE IF EXISTS `sys_sms`;

CREATE TABLE `sys_sms` (
  `id` varchar(50) NOT NULL,
  `content` text NOT NULL,
  `receiver` varchar(20) NOT NULL,
  `sendTime` varchar(20) DEFAULT NULL,
  `state` int(11) NOT NULL COMMENT '1 待发送 2已发送 3 发送失败',
  `remarks` varchar(100) DEFAULT NULL,
  `weight` int(11) DEFAULT NULL,
  `createUser` varchar(20) DEFAULT NULL,
  `createTime` varchar(20) DEFAULT NULL,
  PRIMARY KEY (`id`)
) ENGINE=InnoDB DEFAULT CHARSET=utf8;



# Dump of table sys_test
# ------------------------------------------------------------

DROP TABLE IF EXISTS `sys_test`;

CREATE TABLE `sys_test` (
  `a` char(1) DEFAULT NULL
) ENGINE=InnoDB DEFAULT CHARSET=utf8;



# Dump of table sys_unit
# ------------------------------------------------------------

DROP TABLE IF EXISTS `sys_unit`;

CREATE TABLE `sys_unit` (
  `id` varchar(50) NOT NULL DEFAULT '',
  `name` varchar(20) NOT NULL,
  `code` varchar(20) NOT NULL,
  `contact` varchar(20) DEFAULT NULL COMMENT '联系人',
  `mobile` varchar(20) DEFAULT NULL,
  `address` text,
  `email` varchar(30) DEFAULT NULL,
  `web` varchar(50) DEFAULT NULL,
  `parentId` varchar(50) DEFAULT NULL,
  `hasChildren` tinyint(1) NOT NULL DEFAULT '0',
  `system` tinyint(1) NOT NULL DEFAULT '0',
  `enabled` tinyint(1) NOT NULL DEFAULT '0',
  `createTime` varchar(20) NOT NULL,
  PRIMARY KEY (`id`)
) ENGINE=InnoDB DEFAULT CHARSET=utf8;

LOCK TABLES `sys_unit` WRITE;
/*!40000 ALTER TABLE `sys_unit` DISABLE KEYS */;

INSERT INTO `sys_unit` (`id`, `name`, `code`, `contact`, `mobile`, `address`, `email`, `web`, `parentId`, `hasChildren`, `system`, `enabled`, `createTime`)
VALUES
	('40283881493c2aff01493c32e2a70000','内置机构','001','曾超','18955185893','安徽·合肥','zengc@nethsoft.com','http://www.nethsoft.com','-1',1,1,1,'2014-10-23 16:50:07'),
	('402885b558f0a53e0158f0b3303a0007','aaa','001001','asdf','dfads','','','','40283881493c2aff01493c32e2a70000',0,0,1,'2016-12-12 09:43:44');

/*!40000 ALTER TABLE `sys_unit` ENABLE KEYS */;
UNLOCK TABLES;


# Dump of table sys_unit_res
# ------------------------------------------------------------

DROP TABLE IF EXISTS `sys_unit_res`;

CREATE TABLE `sys_unit_res` (
  `unitId` varchar(50) NOT NULL,
  `resId` varchar(50) NOT NULL,
  KEY `FK_sys_res_unit` (`unitId`),
  CONSTRAINT `FK_sys_res_unit` FOREIGN KEY (`unitId`) REFERENCES `sys_unit` (`id`)
) ENGINE=InnoDB DEFAULT CHARSET=utf8;

LOCK TABLES `sys_unit_res` WRITE;
/*!40000 ALTER TABLE `sys_unit_res` DISABLE KEYS */;

INSERT INTO `sys_unit_res` (`unitId`, `resId`)
VALUES
	('402885b558f0a53e0158f0b3303a0007','40283881494264460149428484610000'),
	('402885b558f0a53e0158f0b3303a0007','297ec0504dfb4517014dfb8441740006'),
	('402885b558f0a53e0158f0b3303a0007','402881ee547ea15801547eb17d800004');

/*!40000 ALTER TABLE `sys_unit_res` ENABLE KEYS */;
UNLOCK TABLES;


# Dump of table sys_user
# ------------------------------------------------------------

DROP TABLE IF EXISTS `sys_user`;

CREATE TABLE `sys_user` (
  `id` varchar(50) NOT NULL,
  `username` varchar(20) NOT NULL,
  `password` varchar(50) DEFAULT NULL,
  `realname` varchar(20) DEFAULT NULL,
  `mobile` varchar(20) DEFAULT NULL,
  `email` varchar(30) DEFAULT NULL,
  `qq` varchar(15) DEFAULT NULL,
  `pagestyle` varchar(10) DEFAULT NULL,
  `layout` varchar(10) DEFAULT NULL COMMENT '页面布局',
  `enabled` tinyint(1) DEFAULT '0',
  `online` tinyint(1) DEFAULT '0',
  `createtime` varchar(20) NOT NULL,
  `lastLoginTime` varchar(20) DEFAULT NULL,
  `lastloginip` varchar(30) DEFAULT NULL,
  `lastlogintype` int(11) DEFAULT NULL,
  `headImage` varchar(200) DEFAULT NULL,
  PRIMARY KEY (`id`),
  UNIQUE KEY `NewIndex1` (`username`)
) ENGINE=InnoDB DEFAULT CHARSET=utf8;

LOCK TABLES `sys_user` WRITE;
/*!40000 ALTER TABLE `sys_user` DISABLE KEYS */;

INSERT INTO `sys_user` (`id`, `username`, `password`, `realname`, `mobile`, `email`, `qq`, `pagestyle`, `layout`, `enabled`, `online`, `createtime`, `lastLoginTime`, `lastloginip`, `lastlogintype`, `headImage`)
VALUES
	('40283881493dcf8901493dd072210000','nethsoft','E10ADC3949BA59ABBE56E057F20F883E','安徽网禾信息','18955185893','office@nethsoft.com','359921330','palette',NULL,1,0,'2014-10-24 00:21:51',NULL,NULL,0,NULL),
	('402838814a143628014a149f19d20003','hefei','C4CA4238A0B923820DCC509A6F75849B','合肥分公司','','','','palette',NULL,1,0,'2014-12-04 17:26:18','2016-12-19 11:28:49','localhost',1,NULL),
	('402838814ac1fe5f014ac215e2b6000c','doc','C4CA4238A0B923820DCC509A6F75849B','文档共享中心','','','','palette',NULL,1,0,'2015-01-07 09:50:21',NULL,NULL,0,NULL),
	('402881ee5374fb9b0153750220d70033','r1','C4CA4238A0B923820DCC509A6F75849B','','','','','palette',NULL,1,0,'2016-03-14 20:03:07','2016-03-14 20:03:22','localhost',1,NULL),
	('402881ee547f564d01547f7dd49b002e','superadmin','C4CA4238A0B923820DCC509A6F75849B','超级管理员','','','','palette.6','${layout}',1,1,'2016-05-05 13:57:13','2017-02-27 17:00:28','本地主机',1,NULL),
	('402881ee547f564d01547f7e24910031','zengc','C4CA4238A0B923820DCC509A6F75849B','曾超','','','','palette',NULL,1,0,'2016-05-05 13:57:33','2016-05-05 14:57:43','localhost',1,NULL),
	('402881ee54eff98b0154f02300670083','test','C4CA4238A0B923820DCC509A6F75849B','项目测试','','','','palette.5','',1,0,'2016-05-27 10:55:06','2016-12-19 10:49:47','localhost',1,NULL);

/*!40000 ALTER TABLE `sys_user` ENABLE KEYS */;
UNLOCK TABLES;


# Dump of table sys_user_config
# ------------------------------------------------------------

DROP TABLE IF EXISTS `sys_user_config`;

CREATE TABLE `sys_user_config` (
  `id` varchar(50) NOT NULL,
  `userId` varchar(50) NOT NULL,
  `k` varchar(50) NOT NULL,
  `v` varchar(50) DEFAULT NULL,
  `enabled` tinyint(1) NOT NULL COMMENT '1启用 0不启用',
  `createTime` varchar(20) NOT NULL,
  PRIMARY KEY (`id`),
  KEY `FK_userconfig_user` (`userId`),
  CONSTRAINT `FK_userconfig_user` FOREIGN KEY (`userId`) REFERENCES `sys_user` (`id`)
) ENGINE=InnoDB DEFAULT CHARSET=utf8;



# Dump of table sys_user_email
# ------------------------------------------------------------

DROP TABLE IF EXISTS `sys_user_email`;

CREATE TABLE `sys_user_email` (
  `id` varchar(50) NOT NULL,
  `userId` varchar(50) NOT NULL,
  `mailType` varchar(10) NOT NULL,
  `mailHost` varchar(50) NOT NULL,
  `mailPort` int(11) NOT NULL,
  `sslEnable` tinyint(1) NOT NULL,
  `mailUser` varchar(50) NOT NULL,
  `mailPass` varchar(50) NOT NULL,
  PRIMARY KEY (`id`)
) ENGINE=InnoDB DEFAULT CHARSET=utf8;

LOCK TABLES `sys_user_email` WRITE;
/*!40000 ALTER TABLE `sys_user_email` DISABLE KEYS */;

INSERT INTO `sys_user_email` (`id`, `userId`, `mailType`, `mailHost`, `mailPort`, `sslEnable`, `mailUser`, `mailPass`)
VALUES
	('402838814c217b07014c2197f5940000','402838814acc869e014accac95bf000c','imap','imap.exmail.qq.com',993,1,'zengc@nethsoft.com','Zengchao1992'),
	('402838814c277f4d014c27a376ca0000','4028388148e09a0d0148e0d0af7d0002','pop','pop.qq.com',110,0,'service@nethsoft.com','nethsoft2014');

/*!40000 ALTER TABLE `sys_user_email` ENABLE KEYS */;
UNLOCK TABLES;


# Dump of table sys_user_quick_menu
# ------------------------------------------------------------

DROP TABLE IF EXISTS `sys_user_quick_menu`;

CREATE TABLE `sys_user_quick_menu` (
  `id` varchar(32) NOT NULL,
  `userId` varchar(32) NOT NULL COMMENT '用户ID',
  `name` varchar(10) NOT NULL COMMENT '菜单名',
  `url` varchar(500) NOT NULL COMMENT '链接地址',
  PRIMARY KEY (`id`),
  KEY `FK_sys_user_quick_menu$user` (`userId`),
  CONSTRAINT `FK_sys_user_quick_menu$user` FOREIGN KEY (`userId`) REFERENCES `sys_user` (`id`)
) ENGINE=InnoDB DEFAULT CHARSET=utf8 COMMENT='用户快捷菜单';



# Dump of table sys_user_role
# ------------------------------------------------------------

DROP TABLE IF EXISTS `sys_user_role`;

CREATE TABLE `sys_user_role` (
  `roleid` varchar(50) NOT NULL,
  `userid` varchar(50) NOT NULL,
  KEY `FK_sys_user_role_user` (`userid`),
  KEY `FK_sys_user_role_role` (`roleid`),
  CONSTRAINT `FK_sys_user_role_role` FOREIGN KEY (`roleid`) REFERENCES `sys_role` (`id`),
  CONSTRAINT `FK_sys_user_role_user` FOREIGN KEY (`userid`) REFERENCES `sys_user` (`id`)
) ENGINE=InnoDB DEFAULT CHARSET=utf8;

LOCK TABLES `sys_user_role` WRITE;
/*!40000 ALTER TABLE `sys_user_role` DISABLE KEYS */;

INSERT INTO `sys_user_role` (`roleid`, `userid`)
VALUES
	('402838814a143628014a149ebc6e0002','402838814a143628014a149f19d20003'),
	('40283881497b0b0201497b2a16350005','402838814ac1fe5f014ac215e2b6000c'),
	('40283881497b0b0201497b2a16350005','40283881493dcf8901493dd072210000'),
	('402838814ac3ffdc014ac414ee76000b','40283881493dcf8901493dd072210000'),
	('402881ee5374fb9b01537501c7680017','402881ee5374fb9b0153750220d70033'),
	('4028388148d681830148d6857c71000d','402881ee547f564d01547f7dd49b002e'),
	('40283881497b0b0201497b2a16350004','402881ee547f564d01547f7e24910031'),
	('402881ee54eff98b0154f01a1b890059','402881ee54eff98b0154f02300670083');

/*!40000 ALTER TABLE `sys_user_role` ENABLE KEYS */;
UNLOCK TABLES;


# Dump of table sys_user_unit
# ------------------------------------------------------------

DROP TABLE IF EXISTS `sys_user_unit`;

CREATE TABLE `sys_user_unit` (
  `userId` varchar(50) NOT NULL,
  `unitId` varchar(50) NOT NULL,
  KEY `FK_sys_user_unit` (`userId`),
  KEY `FK_sys_user_unit_unit` (`unitId`),
  CONSTRAINT `FK_sys_user_unit` FOREIGN KEY (`userId`) REFERENCES `sys_user` (`id`),
  CONSTRAINT `FK_sys_user_unit_unit` FOREIGN KEY (`unitId`) REFERENCES `sys_unit` (`id`)
) ENGINE=InnoDB DEFAULT CHARSET=utf8;

LOCK TABLES `sys_user_unit` WRITE;
/*!40000 ALTER TABLE `sys_user_unit` DISABLE KEYS */;

INSERT INTO `sys_user_unit` (`userId`, `unitId`)
VALUES
	('402881ee547f564d01547f7dd49b002e','40283881493c2aff01493c32e2a70000'),
	('402881ee547f564d01547f7e24910031','40283881493c2aff01493c32e2a70000'),
	('402881ee54eff98b0154f02300670083','40283881493c2aff01493c32e2a70000');

/*!40000 ALTER TABLE `sys_user_unit` ENABLE KEYS */;
UNLOCK TABLES;


# Dump of table sys_version
# ------------------------------------------------------------

DROP TABLE IF EXISTS `sys_version`;

CREATE TABLE `sys_version` (
  `id` varchar(50) NOT NULL,
  `version` varchar(50) DEFAULT NULL,
  `build` varchar(50) DEFAULT NULL,
  `updateTime` varchar(50) DEFAULT NULL,
  `updateServer` varchar(50) DEFAULT NULL,
  PRIMARY KEY (`id`)
) ENGINE=InnoDB DEFAULT CHARSET=utf8;

LOCK TABLES `sys_version` WRITE;
/*!40000 ALTER TABLE `sys_version` DISABLE KEYS */;

INSERT INTO `sys_version` (`id`, `version`, `build`, `updateTime`, `updateServer`)
VALUES
	('1','1.0','49','2016-05-25 22:10',''),
	('2','1.1','151','2017-01-09 14:18',''),
	('3','1.3','223','2017-03-05 14:18','');

/*!40000 ALTER TABLE `sys_version` ENABLE KEYS */;
UNLOCK TABLES;


# Dump of table wf_form_14872489213681
# ------------------------------------------------------------

DROP TABLE IF EXISTS `wf_form_14872489213681`;

CREATE TABLE `wf_form_14872489213681` (
  `id` varchar(32) NOT NULL,
  `days` varchar(100) DEFAULT NULL,
  `remarks` text,
  PRIMARY KEY (`id`)
) ENGINE=InnoDB DEFAULT CHARSET=utf8;




/*!40111 SET SQL_NOTES=@OLD_SQL_NOTES */;
/*!40101 SET SQL_MODE=@OLD_SQL_MODE */;
/*!40014 SET FOREIGN_KEY_CHECKS=@OLD_FOREIGN_KEY_CHECKS */;
/*!40101 SET CHARACTER_SET_CLIENT=@OLD_CHARACTER_SET_CLIENT */;
/*!40101 SET CHARACTER_SET_RESULTS=@OLD_CHARACTER_SET_RESULTS */;
/*!40101 SET COLLATION_CONNECTION=@OLD_COLLATION_CONNECTION */;
